-- phpMyAdmin SQL Dump
-- version 5.2.0
-- https://www.phpmyadmin.net/
--
-- Host: 127.0.0.1
-- Generation Time: Dec 12, 2023 at 08:34 PM
-- Server version: 10.4.24-MariaDB
-- PHP Version: 7.4.29

SET SQL_MODE = "NO_AUTO_VALUE_ON_ZERO";
START TRANSACTION;
SET time_zone = "+00:00";


/*!40101 SET @OLD_CHARACTER_SET_CLIENT=@@CHARACTER_SET_CLIENT */;
/*!40101 SET @OLD_CHARACTER_SET_RESULTS=@@CHARACTER_SET_RESULTS */;
/*!40101 SET @OLD_COLLATION_CONNECTION=@@COLLATION_CONNECTION */;
/*!40101 SET NAMES utf8mb4 */;

--
-- Database: `eshop`
--

-- --------------------------------------------------------

--
-- Table structure for table `categorie`
--

CREATE TABLE `categorie` (
  `id` int(11) NOT NULL,
  `nom_categ` varchar(20) NOT NULL
) ENGINE=InnoDB DEFAULT CHARSET=utf8mb4;

--
-- Dumping data for table `categorie`
--

INSERT INTO `categorie` (`id`, `nom_categ`) VALUES
(1, 'categ1'),
(2, 'categ2');

-- --------------------------------------------------------

--
-- Table structure for table `client`
--

CREATE TABLE `client` (
  `email` varchar(50) NOT NULL,
  `name` varchar(30) NOT NULL,
  `role` enum('client','admin','delivry') NOT NULL,
  `password` varchar(20) NOT NULL,
  `lastname` varchar(20) NOT NULL,
  `address` varchar(50) NOT NULL,
  `tel` int(11) DEFAULT NULL
) ENGINE=InnoDB DEFAULT CHARSET=utf8mb4;

--
-- Dumping data for table `client`
--

INSERT INTO `client` (`email`, `name`, `role`, `password`, `lastname`, `address`, `tel`) VALUES
('flen2@gmail.com', 'feln2', 'delivry', '123', 'ben foulen', 'cosmariumstraat 12', 62966272),
('flen@gmail.com', 'feln', 'delivry', '123', 'ben foulen', 'cosmariumstraat 12', 62966272),
('jomli@gmail.com', 'mouhib', 'client', '2346', 'jomli', 'feeeeee', 93633666),
('mohamedsalah@gmail.com', 'mouhamed salah', 'client', 'salah123', 'rjab', 'bouhsina, sousse', 25447896),
('moumniseif@gmail.com', 'seif eddine', 'admin', 'moumni123', 'moumni', 'malloulech, mahdia', 27132034),
('moumniseifeddine98@gmail.com', 'seif', 'client', 'moumni123', 'moumni', 'malloulech, mahdia', 27132034),
('salah@gmail.com', 'salah', 'client', 'salah', 'rjab', 'bouhsina, sousse', 98547621);

-- --------------------------------------------------------

--
-- Table structure for table `commande_items`
--

CREATE TABLE `commande_items` (
  `command_id` int(11) NOT NULL,
  `produit_id` int(11) NOT NULL,
  `quantity` int(11) NOT NULL
) ENGINE=InnoDB DEFAULT CHARSET=utf8mb4;

--
-- Dumping data for table `commande_items`
--

INSERT INTO `commande_items` (`command_id`, `produit_id`, `quantity`) VALUES
(2, 1, 5),
(2, 1547, 2),
(3, 1547, 1),
(4, 1, 2),
(4, 1547, 1),
(5, 1, 0),
(6, 1, 0),
(7, 1, 0),
(8, 1, 1),
(9, 1, 1),
(10, 1, 1),
(11, 15, 5),
(21, 1, 1),
(21, 15, 2),
(22, 3, 1),
(23, 1, 1),
(23, 2, 1),
(23, 3, 1),
(23, 8, 1),
(24, 1, 3),
(24, 2, 1);

-- --------------------------------------------------------

--
-- Table structure for table `commands`
--

CREATE TABLE `commands` (
  `id` int(11) NOT NULL,
  `date_com` date NOT NULL,
  `location` varchar(80) NOT NULL,
  `delivred` enum('true','false') DEFAULT NULL,
  `accepted` enum('false','true') NOT NULL,
  `clientEmail` varchar(50) NOT NULL,
  `delivryEmail` varchar(50) DEFAULT NULL
) ENGINE=InnoDB DEFAULT CHARSET=utf8mb4;

--
-- Dumping data for table `commands`
--

INSERT INTO `commands` (`id`, `date_com`, `location`, `delivred`, `accepted`, `clientEmail`, `delivryEmail`) VALUES
(2, '2023-01-26', 'bouhsina, sousse', '', 'true', 'mohamedsalah@gmail.com', 'flen@gmail.com'),
(3, '2023-01-26', 'bouhsina, sousse', '', 'true', 'mohamedsalah@gmail.com', 'flen@gmail.com'),
(4, '2023-01-31', 'malloulech, mahdia', 'true', 'true', 'moumniseifeddine98@gmail.com', 'flen@gmail.com'),
(5, '2023-01-31', 'malloulech, mahdia', '', 'true', 'moumniseifeddine98@gmail.com', 'flen@gmail.com'),
(6, '2023-01-31', 'malloulech, mahdia', '', 'true', 'moumniseifeddine98@gmail.com', 'flen@gmail.com'),
(7, '2023-01-31', 'malloulech, mahdia', NULL, 'true', 'moumniseifeddine98@gmail.com', 'flen@gmail.com'),
(8, '2023-01-31', 'malloulech, mahdia', NULL, 'true', 'moumniseifeddine98@gmail.com', 'flen@gmail.com'),
(9, '2023-01-31', 'malloulech, mahdia', NULL, 'true', 'moumniseifeddine98@gmail.com', 'flen@gmail.com'),
(10, '2023-02-06', 'malloulech, mahdia', '', 'true', 'moumniseifeddine98@gmail.com', 'flen@gmail.com'),
(11, '2023-02-08', 'malloulech, mahdia', '', 'true', 'moumniseifeddine98@gmail.com', 'flen@gmail.com'),
(12, '2023-02-09', 'malloulech, mahdia', NULL, 'true', 'moumniseifeddine98@gmail.com', 'flen@gmail.com'),
(13, '2023-02-09', 'malloulech, mahdia', NULL, 'true', 'moumniseifeddine98@gmail.com', 'flen@gmail.com'),
(14, '2023-02-09', 'malloulech, mahdia', NULL, 'false', 'moumniseifeddine98@gmail.com', NULL),
(15, '2023-02-09', 'malloulech, mahdia', NULL, 'false', 'moumniseifeddine98@gmail.com', NULL),
(16, '2023-02-09', 'malloulech, mahdia', NULL, 'false', 'moumniseifeddine98@gmail.com', NULL),
(17, '2023-02-09', 'malloulech, mahdia', NULL, 'false', 'moumniseifeddine98@gmail.com', NULL),
(18, '2023-02-09', 'malloulech, mahdia', NULL, 'false', 'moumniseifeddine98@gmail.com', NULL),
(19, '2023-02-09', 'malloulech, mahdia', NULL, 'true', 'moumniseifeddine98@gmail.com', 'flen@gmail.com'),
(20, '2023-02-09', 'malloulech, mahdia', '', 'true', 'moumniseifeddine98@gmail.com', 'flen@gmail.com'),
(21, '2023-02-10', 'malloulech, mahdia', '', 'true', 'moumniseifeddine98@gmail.com', 'flen@gmail.com'),
(22, '2023-02-16', 'feeeeee', '', 'true', 'jomli@gmail.com', 'flen@gmail.com'),
(23, '2023-04-06', 'malloulech, mahdia', NULL, 'false', 'moumniseifeddine98@gmail.com', NULL),
(24, '2023-04-26', 'malloulech, mahdia', '', 'true', 'moumniseifeddine98@gmail.com', 'flen@gmail.com');

-- --------------------------------------------------------

--
-- Table structure for table `contact`
--

CREATE TABLE `contact` (
  `id` int(11) NOT NULL,
  `email` varchar(50) NOT NULL,
  `message` varchar(300) NOT NULL
) ENGINE=InnoDB DEFAULT CHARSET=utf8mb4;

--
-- Dumping data for table `contact`
--

INSERT INTO `contact` (`id`, `email`, `message`) VALUES
(3, 'moumniseifeddine98@gmail.com', 'seif');

-- --------------------------------------------------------

--
-- Table structure for table `discount`
--

CREATE TABLE `discount` (
  `Id` int(11) NOT NULL,
  `date_deb` date NOT NULL,
  `date_end` date NOT NULL,
  `percentage` int(11) NOT NULL
) ENGINE=InnoDB DEFAULT CHARSET=utf8mb4;

--
-- Dumping data for table `discount`
--

INSERT INTO `discount` (`Id`, `date_deb`, `date_end`, `percentage`) VALUES
(1, '2023-01-31', '2023-02-22', 10),
(2, '2023-01-31', '2023-04-29', 10),
(3, '2023-01-31', '2023-05-03', 20),
(4, '2023-01-31', '2023-02-25', 30),
(5, '2023-02-07', '2023-04-29', 10);

-- --------------------------------------------------------

--
-- Table structure for table `picture`
--

CREATE TABLE `picture` (
  `id` int(11) NOT NULL,
  `type` varchar(50) NOT NULL,
  `data` longblob NOT NULL,
  `prodId` int(11) NOT NULL
) ENGINE=InnoDB DEFAULT CHARSET=utf8mb4;

--
-- Dumping data for table `picture`
--

INSERT INTO `picture` (`id`, `type`, `data`, `prodId`) VALUES
(3, 'image/png', 0xffd8ffe000104a46494600010100000100010000ffdb00840009060712121215101210161510151017151015171610171510151515161615151517181d2820181a251b151521322125292b2e2e2e171f3338332d37282d2e2b010a0a0a0505050e05050e2b1913192b2b2b2b2b2b2b2b2b2b2b2b2b2b2b2b2b2b2b2b2b2b2b2b2b2b2b2b2b2b2b2b2b2b2b2b2b2b2b2b2b2b2b2b2b2b2b2b2b2bffc000110800e100e103012200021101031101ffc4001b00010002030101000000000000000000000001030205060407ffc4003610000201020207050704030101000000000001020311042105061231415161132232718114425291a1b1d16282c1f02333724307ffc40014010100000000000000000000000000000000ffc40014110100000000000000000000000000000000ffda000c03010002110311003f00fb880000000000000000000000000000000000000000000000000000000000000000000000000000000000000000000000000000000000000000000000000000000029af898c726f3e5c6dccad63a3d40f503cfed712562e205e0a7da63cc9f688f302d054abc798ede3cfe8c0b4157b4479fdc7b447981682af688f3fb91ed31f880b814fb543e243daa1f12f9817029f6a87c4be6162a1f12f9a02e0426480000000000000000000000001a7d3d4f676711c229c2af4849a7b7fb6493f272298c8de548a69a6ae9ab35c1a7c19cd5283a53741dfba93a6dfbd4df873e2d59c5ffca7c501ecb92568902c4c9b9593702cb8da30b8b819dc366299170326cc5c83662d810d984992d9836061265532c9329901b3d0f8dcfb393ff87f75f837271d27d73e0f93e6749a2f19da43f52ca4baf3f2607b4000000000000000000000000d569ec1b9455582bd4a77692df38bf1c3d524d758c4da8039ac3d6528a92774d5d3e69e6996dca31747b0ace3ff009d46e74fa4b7d487cded2f397c25b702cb84cc2e4a606771730b937033b91731b917033b98b6436637025b30930d98360632656cca4cae4c0c5b32c1e2dd29a9addba4b9afc9548ae6c0eda9d4524a49dd3574f9a3239cd5ec7ecbec65b9bee3e4f8c7d4e8c0000000000000000000000000f1697c0f6d4dc53b4d77a9cbe19af0bf2e0fa368e7f075f6a39ab4936a517be324ed28bf269af43ad399d3b87ecaaaacbc151a8d4e9537465fb9251f351e6c0cae2e54a44ed016a90b956d0b816ed11b457b446d016ed18ed15ed11b407a295172b6764e5b29efced7dc315849c37abae6bf9e46785a9b50953f7bc50f35c11c6ebb69c4ed878ca528a4dd771926fb24e9c6b53cb38d5842bc6adf27dc40748d95c99cdea569ba95e1570f8877c6616aba35deeed2d7d8ab6fd493f54df13a1930224cadb32932b9018c9ff791d6e85d21db433ff64729f5e52f5fc9c8365981c64a94d545e525f1478afef203bc05787aca71538bbc5aba6580000000000000000000000a31b858d584a9cd5e328b4f835d53e0d6fb978038ac3ca5172a553fd9096ccbf571525d1a69fab5c0bf68f6eb4e0ac96263be0ad5bad3bdf6bf6b6df9391ad8cee80b7686d156d0b816ed0da2bda23680b1c83915390da02c8cecd34f35b8f9b694d54c751c6c31742b4b1143b7dba94e5251ab152876351a7929beceeb6b2792c9ef7f44da316c0e0fff009c6ac627095f175310db8cdec5394a49cab28cdbed5e6ecad6df9e6776d90d98b604b656d92d98360448ae4cc995c80dd6ace92d8976327dc93ee3f865cbd7efe675a7cd64767abda53b686cc9ff0096394bf52e12fef1036e000000000000000000000002251bab3cd71ea70f570ee8559507e159d27f1537e157e71ce2fc93e277269b59b47bab4f6e0af569de50e735ef43f72597551e40685b1b45146b294534f2693f34f719dc0b2e46d15dc5c0b2e45cc2e45c0b2e63731b9170326cc5b22e43601b31930d98b021983664cc1818b2cc0e2e546a46a477adebe25c515c8c181f48c2e263520a71778c95d7e1f52e38ad59d27d9cfb293ee4df77f4cbf0fef63b44048000000002ba95a2b7b289e35705f3c80f5835b3c7be8bfbd4a278eeafedf60370e4b995cabc571349531879aae37ab037b531a91e4aba512e297a5cd0d5c5be6786b62fa81854aca35a4926a136e71bab2da6ef522b967de5e72e47a2e6ab1b3725ca49a706f8496e7fc3e8d9eac16254e2a5bb9ae316b2717e4d3407aae2e60d8b819dc8b985c5c0cdb21b31b9170326c8b9043024864364360432192d98a77dc808660cc6be2210f14d2e8b36795691da6a34a93937baf7cfc901eb54dbc926cfa1e8973eca1da78f616d73bf5ea6a356b45cd2ed2b42cfdd52f12eb6dcbee746000004499a0c7631d2769ac9df664f74ba29707d1b46faa2c8d0e9ad1ce49f7a4efc387a81a8d21ae186a13d8aee74f2baa92a757b277e55145c7e6d1ecc1695a15e3b746bc2a42f6bc24a4afcaeaeafd0e66be071549becdda3f0abb8bf466834ee0fb7a6e954a5d8b7514dd4a0a30939256da7959bb71df6407d2677289c99c76aee2a3468d3a13c55494a1b57a935de95e5b514dbdadc9db7f037d4f1b36bbb38545f2fae607bea51a96bec6478ebda3e29daeec92526e5e4ad7fa08e926b7c251ff9775f2577f4267a414ed155adce3dd8b92e4ed9af4b01e5ab3caea9cbab9b518af3e3f43c756bb7ba495d65d9c64dbfdef2f9a46d5d1a6edfe35757b3bb9357df9bccf163a9a6ec9cddd6ebc611fdd2ba7f5606bb12f8cb2597fb2797a416f66382afb151af726ede1718c676eeefdfb4b2bf3512cad4b62d9d3836b85e5376e117c57ccf1625c5f77bcdb596d4b655d71d959ed71bd80e8ee45cf168ac53a90ef78d653c9abb5ef59e766accf58195c8b98dc8b819dc5caa551183adc80bee4399afad8f8477cbd16678e7a51bca10f57f80372ea1e7ad8d847c535e4b366b6342bd5deddb92c8db68dd559cdf87cdfe581af9e95be50a6df57f82234711577b6972591f40d15aad4a9e734a52e5eeafc9b6868fa49dd538af24adf20382d11a9f29b4e59478b7fc733b7d17a1e8e1d5a9c73e3279c9faf03de8c5c80cc1089000000438a2401454c2c65bd1e0c4e86a72e06d88b01c7e3754e32dd13418ad529c5de375f347d3ec62e007c96786c553f79b5c9e7f72b96929acaa514d7f7833ead5b01096f89adc4eaf5396efaa03e74b1f0bde32953e99a4bd371efa389935ddab1974767f55f83778dd515c2268b15aab28e6ae80b3b77ef53f58b4ff000fe850e946cdc124ef9dd6cbbfa9e59e13114f736d75cd7d4f2e324aac254b11414e9c9ada576af6b5b73e880ba9d6ab4ab294a9cbb37dc9b4ae92df179726fe4d9d04d335da2749e1e94234fbd18422a314f6a4d24ac95f3b9ecc5eb151b5a9a94bce292fa818ce6782be908477cb3e4b33cd88756bbdd68adc97e4f5e0757652e007867a4a4fc10f564470d5aa6f6edf24765a3f55b9a3a0c2683a71deae070381d5b94b81d268fd5459368eb29d08c7722d035d85d0d4a1c2ecd8462964964480000021a24000084c900000045c90045c9000000000008b18ce927bd19803c35b4653970b1acc4eae41ee48e8401c4d7d548b7e032c3ea9c6fb8ed001a4c26808477a46d2961631dc8bc0109120000000000021a240000010a2480000000000000000000000000000000000000000000000000000000000000000000000000000000000000000000000000000000000000000000000000000000000000000000000000000000000000000000000000000000000000000007fffd9, 1),
(4, 'image/png', 0xffd8ffe000104a46494600010100000100010000ffdb00840009060712121215101210161510151017151015171610171510151515161615151517181d2820181a251b151521322125292b2e2e2e171f3338332d37282d2e2b010a0a0a0505050e05050e2b1913192b2b2b2b2b2b2b2b2b2b2b2b2b2b2b2b2b2b2b2b2b2b2b2b2b2b2b2b2b2b2b2b2b2b2b2b2b2b2b2b2b2b2b2b2b2b2b2b2b2bffc000110800e100e103012200021101031101ffc4001b00010002030101000000000000000000000001030205060407ffc4003610000201020207050704030101000000000001020311042105061231415161132232718114425291a1b1d16282c1f02333724307ffc40014010100000000000000000000000000000000ffc40014110100000000000000000000000000000000ffda000c03010002110311003f00fb880000000000000000000000000000000000000000000000000000000000000000000000000000000000000000000000000000000000000000000000000000000029af898c726f3e5c6dccad63a3d40f503cfed712562e205e0a7da63cc9f688f302d054abc798ede3cfe8c0b4157b4479fdc7b447981682af688f3fb91ed31f880b814fb543e243daa1f12f9817029f6a87c4be6162a1f12f9a02e0426480000000000000000000000001a7d3d4f676711c229c2af4849a7b7fb6493f272298c8de548a69a6ae9ab35c1a7c19cd5283a53741dfba93a6dfbd4df873e2d59c5ffca7c501ecb92568902c4c9b9593702cb8da30b8b819dc366299170326cc5c83662d810d984992d9836061265532c9329901b3d0f8dcfb393ff87f75f837271d27d73e0f93e6749a2f19da43f52ca4baf3f2607b4000000000000000000000000d569ec1b9455582bd4a77692df38bf1c3d524d758c4da8039ac3d6528a92774d5d3e69e6996dca31747b0ace3ff009d46e74fa4b7d487cded2f397c25b702cb84cc2e4a606771730b937033b91731b917033b98b6436637025b30930d98360632656cca4cae4c0c5b32c1e2dd29a9addba4b9afc9548ae6c0eda9d4524a49dd3574f9a3239cd5ec7ecbec65b9bee3e4f8c7d4e8c0000000000000000000000000f1697c0f6d4dc53b4d77a9cbe19af0bf2e0fa368e7f075f6a39ab4936a517be324ed28bf269af43ad399d3b87ecaaaacbc151a8d4e9537465fb9251f351e6c0cae2e54a44ed016a90b956d0b816ed11b457b446d016ed18ed15ed11b407a295172b6764e5b29efced7dc315849c37abae6bf9e46785a9b50953f7bc50f35c11c6ebb69c4ed878ca528a4dd771926fb24e9c6b53cb38d5842bc6adf27dc40748d95c99cdea569ba95e1570f8877c6616aba35deeed2d7d8ab6fd493f54df13a1930224cadb32932b9018c9ff791d6e85d21db433ff64729f5e52f5fc9c8365981c64a94d545e525f1478afef203bc05787aca71538bbc5aba6580000000000000000000000a31b858d584a9cd5e328b4f835d53e0d6fb978038ac3ca5172a553fd9096ccbf571525d1a69fab5c0bf68f6eb4e0ac96263be0ad5bad3bdf6bf6b6df9391ad8cee80b7686d156d0b816ed0da2bda23680b1c83915390da02c8cecd34f35b8f9b694d54c751c6c31742b4b1143b7dba94e5251ab152876351a7929beceeb6b2792c9ef7f44da316c0e0fff009c6ac627095f175310db8cdec5394a49cab28cdbed5e6ecad6df9e6776d90d98b604b656d92d98360448ae4cc995c80dd6ace92d8976327dc93ee3f865cbd7efe675a7cd64767abda53b686cc9ff0096394bf52e12fef1036e000000000000000000000002251bab3cd71ea70f570ee8559507e159d27f1537e157e71ce2fc93e277269b59b47bab4f6e0af569de50e735ef43f72597551e40685b1b45146b294534f2693f34f719dc0b2e46d15dc5c0b2e45cc2e45c0b2e63731b9170326cc5b22e43601b31930d98b021983664cc1818b2cc0e2e546a46a477adebe25c515c8c181f48c2e263520a71778c95d7e1f52e38ad59d27d9cfb293ee4df77f4cbf0fef63b44048000000002ba95a2b7b289e35705f3c80f5835b3c7be8bfbd4a278eeafedf60370e4b995cabc571349531879aae37ab037b531a91e4aba512e297a5cd0d5c5be6786b62fa81854aca35a4926a136e71bab2da6ef522b967de5e72e47a2e6ab1b3725ca49a706f8496e7fc3e8d9eac16254e2a5bb9ae316b2717e4d3407aae2e60d8b819dc8b985c5c0cdb21b31b9170326c8b9043024864364360432192d98a77dc808660cc6be2210f14d2e8b36795691da6a34a93937baf7cfc901eb54dbc926cfa1e8973eca1da78f616d73bf5ea6a356b45cd2ed2b42cfdd52f12eb6dcbee746000004499a0c7631d2769ac9df664f74ba29707d1b46faa2c8d0e9ad1ce49f7a4efc387a81a8d21ae186a13d8aee74f2baa92a757b277e55145c7e6d1ecc1695a15e3b746bc2a42f6bc24a4afcaeaeafd0e66be071549becdda3f0abb8bf466834ee0fb7a6e954a5d8b7514dd4a0a30939256da7959bb71df6407d2677289c99c76aee2a3468d3a13c55494a1b57a935de95e5b514dbdadc9db7f037d4f1b36bbb38545f2fae607bea51a96bec6478ebda3e29daeec92526e5e4ad7fa08e926b7c251ff9775f2577f4267a414ed155adce3dd8b92e4ed9af4b01e5ab3caea9cbab9b518af3e3f43c756bb7ba495d65d9c64dbfdef2f9a46d5d1a6edfe35757b3bb9357df9bccf163a9a6ec9cddd6ebc611fdd2ba7f5606bb12f8cb2597fb2797a416f66382afb151af726ede1718c676eeefdfb4b2bf3512cad4b62d9d3836b85e5376e117c57ccf1625c5f77bcdb596d4b655d71d959ed71bd80e8ee45cf168ac53a90ef78d653c9abb5ef59e766accf58195c8b98dc8b819dc5caa551183adc80bee4399afad8f8477cbd16678e7a51bca10f57f80372ea1e7ad8d847c535e4b366b6342bd5deddb92c8db68dd559cdf87cdfe581af9e95be50a6df57f82234711577b6972591f40d15aad4a9e734a52e5eeafc9b6868fa49dd538af24adf20382d11a9f29b4e59478b7fc733b7d17a1e8e1d5a9c73e3279c9faf03de8c5c80cc1089000000438a2401454c2c65bd1e0c4e86a72e06d88b01c7e3754e32dd13418ad529c5de375f347d3ec62e007c96786c553f79b5c9e7f72b96929acaa514d7f7833ead5b01096f89adc4eaf5396efaa03e74b1f0bde32953e99a4bd371efa389935ddab1974767f55f83778dd515c2268b15aab28e6ae80b3b77ef53f58b4ff000fe850e946cdc124ef9dd6cbbfa9e59e13114f736d75cd7d4f2e324aac254b11414e9c9ada576af6b5b73e880ba9d6ab4ab294a9cbb37dc9b4ae92df179726fe4d9d04d335da2749e1e94234fbd18422a314f6a4d24ac95f3b9ecc5eb151b5a9a94bce292fa818ce6782be908477cb3e4b33cd88756bbdd68adc97e4f5e0757652e007867a4a4fc10f564470d5aa6f6edf24765a3f55b9a3a0c2683a71deae070381d5b94b81d268fd5459368eb29d08c7722d035d85d0d4a1c2ecd8462964964480000021a24000084c900000045c90045c9000000000008b18ce927bd19803c35b4653970b1acc4eae41ee48e8401c4d7d548b7e032c3ea9c6fb8ed001a4c26808477a46d2961631dc8bc0109120000000000021a240000010a2480000000000000000000000000000000000000000000000000000000000000000000000000000000000000000000000000000000000000000000000000000000000000000000000000000000000000000000000000000000000000000007fffd9, 2),
(5, 'image/png', 0xffd8ffe000104a46494600010100000100010000ffdb00840009060712121215101210161510151017151015171610171510151515161615151517181d2820181a251b151521322125292b2e2e2e171f3338332d37282d2e2b010a0a0a0505050e05050e2b1913192b2b2b2b2b2b2b2b2b2b2b2b2b2b2b2b2b2b2b2b2b2b2b2b2b2b2b2b2b2b2b2b2b2b2b2b2b2b2b2b2b2b2b2b2b2b2b2b2b2bffc000110800e100e103012200021101031101ffc4001b00010002030101000000000000000000000001030205060407ffc4003610000201020207050704030101000000000001020311042105061231415161132232718114425291a1b1d16282c1f02333724307ffc40014010100000000000000000000000000000000ffc40014110100000000000000000000000000000000ffda000c03010002110311003f00fb880000000000000000000000000000000000000000000000000000000000000000000000000000000000000000000000000000000000000000000000000000000029af898c726f3e5c6dccad63a3d40f503cfed712562e205e0a7da63cc9f688f302d054abc798ede3cfe8c0b4157b4479fdc7b447981682af688f3fb91ed31f880b814fb543e243daa1f12f9817029f6a87c4be6162a1f12f9a02e0426480000000000000000000000001a7d3d4f676711c229c2af4849a7b7fb6493f272298c8de548a69a6ae9ab35c1a7c19cd5283a53741dfba93a6dfbd4df873e2d59c5ffca7c501ecb92568902c4c9b9593702cb8da30b8b819dc366299170326cc5c83662d810d984992d9836061265532c9329901b3d0f8dcfb393ff87f75f837271d27d73e0f93e6749a2f19da43f52ca4baf3f2607b4000000000000000000000000d569ec1b9455582bd4a77692df38bf1c3d524d758c4da8039ac3d6528a92774d5d3e69e6996dca31747b0ace3ff009d46e74fa4b7d487cded2f397c25b702cb84cc2e4a606771730b937033b91731b917033b98b6436637025b30930d98360632656cca4cae4c0c5b32c1e2dd29a9addba4b9afc9548ae6c0eda9d4524a49dd3574f9a3239cd5ec7ecbec65b9bee3e4f8c7d4e8c0000000000000000000000000f1697c0f6d4dc53b4d77a9cbe19af0bf2e0fa368e7f075f6a39ab4936a517be324ed28bf269af43ad399d3b87ecaaaacbc151a8d4e9537465fb9251f351e6c0cae2e54a44ed016a90b956d0b816ed11b457b446d016ed18ed15ed11b407a295172b6764e5b29efced7dc315849c37abae6bf9e46785a9b50953f7bc50f35c11c6ebb69c4ed878ca528a4dd771926fb24e9c6b53cb38d5842bc6adf27dc40748d95c99cdea569ba95e1570f8877c6616aba35deeed2d7d8ab6fd493f54df13a1930224cadb32932b9018c9ff791d6e85d21db433ff64729f5e52f5fc9c8365981c64a94d545e525f1478afef203bc05787aca71538bbc5aba6580000000000000000000000a31b858d584a9cd5e328b4f835d53e0d6fb978038ac3ca5172a553fd9096ccbf571525d1a69fab5c0bf68f6eb4e0ac96263be0ad5bad3bdf6bf6b6df9391ad8cee80b7686d156d0b816ed0da2bda23680b1c83915390da02c8cecd34f35b8f9b694d54c751c6c31742b4b1143b7dba94e5251ab152876351a7929beceeb6b2792c9ef7f44da316c0e0fff009c6ac627095f175310db8cdec5394a49cab28cdbed5e6ecad6df9e6776d90d98b604b656d92d98360448ae4cc995c80dd6ace92d8976327dc93ee3f865cbd7efe675a7cd64767abda53b686cc9ff0096394bf52e12fef1036e000000000000000000000002251bab3cd71ea70f570ee8559507e159d27f1537e157e71ce2fc93e277269b59b47bab4f6e0af569de50e735ef43f72597551e40685b1b45146b294534f2693f34f719dc0b2e46d15dc5c0b2e45cc2e45c0b2e63731b9170326cc5b22e43601b31930d98b021983664cc1818b2cc0e2e546a46a477adebe25c515c8c181f48c2e263520a71778c95d7e1f52e38ad59d27d9cfb293ee4df77f4cbf0fef63b44048000000002ba95a2b7b289e35705f3c80f5835b3c7be8bfbd4a278eeafedf60370e4b995cabc571349531879aae37ab037b531a91e4aba512e297a5cd0d5c5be6786b62fa81854aca35a4926a136e71bab2da6ef522b967de5e72e47a2e6ab1b3725ca49a706f8496e7fc3e8d9eac16254e2a5bb9ae316b2717e4d3407aae2e60d8b819dc8b985c5c0cdb21b31b9170326c8b9043024864364360432192d98a77dc808660cc6be2210f14d2e8b36795691da6a34a93937baf7cfc901eb54dbc926cfa1e8973eca1da78f616d73bf5ea6a356b45cd2ed2b42cfdd52f12eb6dcbee746000004499a0c7631d2769ac9df664f74ba29707d1b46faa2c8d0e9ad1ce49f7a4efc387a81a8d21ae186a13d8aee74f2baa92a757b277e55145c7e6d1ecc1695a15e3b746bc2a42f6bc24a4afcaeaeafd0e66be071549becdda3f0abb8bf466834ee0fb7a6e954a5d8b7514dd4a0a30939256da7959bb71df6407d2677289c99c76aee2a3468d3a13c55494a1b57a935de95e5b514dbdadc9db7f037d4f1b36bbb38545f2fae607bea51a96bec6478ebda3e29daeec92526e5e4ad7fa08e926b7c251ff9775f2577f4267a414ed155adce3dd8b92e4ed9af4b01e5ab3caea9cbab9b518af3e3f43c756bb7ba495d65d9c64dbfdef2f9a46d5d1a6edfe35757b3bb9357df9bccf163a9a6ec9cddd6ebc611fdd2ba7f5606bb12f8cb2597fb2797a416f66382afb151af726ede1718c676eeefdfb4b2bf3512cad4b62d9d3836b85e5376e117c57ccf1625c5f77bcdb596d4b655d71d959ed71bd80e8ee45cf168ac53a90ef78d653c9abb5ef59e766accf58195c8b98dc8b819dc5caa551183adc80bee4399afad8f8477cbd16678e7a51bca10f57f80372ea1e7ad8d847c535e4b366b6342bd5deddb92c8db68dd559cdf87cdfe581af9e95be50a6df57f82234711577b6972591f40d15aad4a9e734a52e5eeafc9b6868fa49dd538af24adf20382d11a9f29b4e59478b7fc733b7d17a1e8e1d5a9c73e3279c9faf03de8c5c80cc1089000000438a2401454c2c65bd1e0c4e86a72e06d88b01c7e3754e32dd13418ad529c5de375f347d3ec62e007c96786c553f79b5c9e7f72b96929acaa514d7f7833ead5b01096f89adc4eaf5396efaa03e74b1f0bde32953e99a4bd371efa389935ddab1974767f55f83778dd515c2268b15aab28e6ae80b3b77ef53f58b4ff000fe850e946cdc124ef9dd6cbbfa9e59e13114f736d75cd7d4f2e324aac254b11414e9c9ada576af6b5b73e880ba9d6ab4ab294a9cbb37dc9b4ae92df179726fe4d9d04d335da2749e1e94234fbd18422a314f6a4d24ac95f3b9ecc5eb151b5a9a94bce292fa818ce6782be908477cb3e4b33cd88756bbdd68adc97e4f5e0757652e007867a4a4fc10f564470d5aa6f6edf24765a3f55b9a3a0c2683a71deae070381d5b94b81d268fd5459368eb29d08c7722d035d85d0d4a1c2ecd8462964964480000021a24000084c900000045c90045c9000000000008b18ce927bd19803c35b4653970b1acc4eae41ee48e8401c4d7d548b7e032c3ea9c6fb8ed001a4c26808477a46d2961631dc8bc0109120000000000021a240000010a2480000000000000000000000000000000000000000000000000000000000000000000000000000000000000000000000000000000000000000000000000000000000000000000000000000000000000000000000000000000000000000007fffd9, 3),
(6, 'image/png', 0xffd8ffe000104a46494600010100000100010000ffdb0084000906070f121010101012100e0f0f15150f10110f1010101010101515171616151516181c2820181d251b151521312d25292b2e2e2e171f3338332d37282d2e2b010a0a0a0e0d0e1a10101b2b1e1f1d2b2d2d2d2d2d2b2b2b2d2d2d2d2d2d2b2d2d2b2d2d302b2d2d2d2d2d2d2d372b2d2d2d2d2d2d2f2d2d2d2d2d2d352d2d2d2dffc000110800e100e103012200021101031101ffc4001c0001000105010100000000000000000000000502030406070108ffc400491000020102020409060b0605050100000000010203110421050612310713415161718191a12232547292b1174252738293a2b2c1d1d31423333553641625436394344483c2d224ffc4001a010100030101010000000000000000000000010203040506ffc400261101000202000700020203000000000000000102031104121321314151146105222381b1ffda000c03010002110311003f00ee200000000000000000000000000000000000000000000000000000000000000000000000000000000000000000000000000000000000000000000000000000000000000000000000000000000000000000000000000000000000000000000000000000000000348d79d2b88a35e9c69549538ba7b4d45daef6a4afe08d627ac98dfebd4f6898e125ff00fa697cd2fbf334d9c8ecc711c90e0c933cf3dd255359f1de9157da31aa6b5690e4c4d5ef23aa3316a32fa8f89899fa949eb6e91f49abed18f3d70d25e955bda22aa48c6a8c8d47c5e3696abae3a49e5fb557ec9b5e28b0f5bf497a5e23eb67f991122d31a85e2134b5cb49a7962ebf6d46fde1ebbe95f4baddebf2206452c8e585e213ff00e38d2be975bbd7e43fc71a57d2eb77afc8d7cf08d47c5e21b0ff008e34afa5d6ef5f91ead77d2be975bbd7e46bc7a872c2da6e9aafadba4aa6370b4ea62ab4a13ab0528b6ad257cd3c8ef67cd5a99ff5f84f9d87bcfa54c72c446b40003102cd5c5d28f9d5211f5a715ef64270818475746e2a0b7ec6d75d9a799f3f61b014f662ed6babe565f8116b456372d7161b659d55f47d5d61c0c7cec5e163eb62292f7c8c4a9ae7a2d7fde61dfab514feedce0b0c1d3e67decc9a585a7f2576b6ccfab0e98e0327d8766adc21e888efc4a76f9346bcbdd03167c27e8bf8b3ab3f568cd7deb1cc286169fc887b2897c2d18add18aea8a2b39e23d2df813eecdba7c2ae07e252c54faa1497fee5b7c254dff0f01889ae4bb92f7419af4ea591b068eabb54e12e74bbd64fdc656e2a63d22782d7b791d7bd232f3746ce1ebcaa7ff28b9fe29d312f33054a3ebcd3f7cd19719176150c278ebfa885678688f68f7a5b4ec9650c2527d39dbedb10aba72593c461e0dfc98c7f1a6fde49cab2465e020edb4f9777519471d96d6d46959c1588db5cc6eab632bc94f118a84e496ca6a12ca376ed65b2b7b6510d455f1abed7fe1fce6cdc4a25234bf199623cb38c34f8e63adba1e38674d4738c95f6b6545b7769a76e6b47da3579c8e93c2150dac3c66b370935d5192bfbe115da7339b3d6e0334e5c3133e5c79e9abadcd98f32ecd9666ced52216a45a917245b6178850ca5953286cacaf10f18002c15149ea094d6a6bff30c27cec3de7d2a7cd5a99fcc309f3b0f79f4a9866f48f6000c459c6505529d4a6f7548ca0fe926bf13e6f85371954a6f274e7285bb6ebde7d2c702d71c2713a4f170dca7255a3d52cff1456f1babab83b72e58fda3228c8a68b31464d231e57afcccaa2893c391f45123874676a1ccb78a95897d57c46d516be44dc7b1da5f8b2171fb86a8e22d52bc3e546335f45d9fde4617aff526370dc1d51c79813ac60e3b1db2acb79c574570ed3f806eb55d95e6c739f5722edfccd992b119abda3dd1a2b6ff00893f2ea7437ba3d8b2ebb925264e3af2c6febcfcd68b5b51e214c9966522a932d499cf96ecd1fac1478cc3568ef7b3b6973b879697d938ed5566d733b771db9e7bf34718d33478baf569fc893867cbb395fb6d7ed3d6fe0f2ef9e9fedcbc446f52c19b2d48ae4cb7267d0308866687d152c44eca4a9c53841ce49b5c6559a853824b7ca527974293dc9997a4356274e9ba8aac6a6cc769c6116dae8df93eb4b710caac9592949252534936ad35ba4ba5738ad8cab2f3aa54935bb6aa4e56ef65277bed2bc42f55d1ad476b6d5f654dc2cf695e2a567de46b2ecaacb76d4bda6596237ed601e0252f41e0026f533f9860fe7a1ef3e963e68d4cfe6183f9e87bcfa5cc337a47b000620720e17b09b18ec356e4ad4dc1be7945bfc364ebe73ce1a7097c1d1ae96787aa9fd196ff00ba4c2d4b72da27e39bc11914916608caa489e47ad3765504485046151467d0452f45eb663e3a39322b43d5d8c5439a6a707dcdaf18a273170c8d7abf915213f9138cbb134d9c77afa6f496cf89c4249b2f6a7601e2311c74d5e95069ae6955df15d9bfb8d571189a93a8a8c16d4e52e2e315bdcaf64bbcec1abda2e386c3c292cda5794be54de72977f82479d35eeb7179630e2d479b7fc6748b1365ea92316a488cb6d7678912a64cb726792914391c53132a5aeaae730e1070bb18b94964aac633e8bdb67df06fb4e9b734be12f0d7a746afc994a9bed5b4beecbbcf43f8b9e9f111fbecc2d7df673d932db655265a933ea9110a64ca19eb296c8594b652cf594c98487973c3c03db8b9e0027352dff9860fe7a1ef3e983e65d4bfe6183f9e87de47d34619bd2000188101af782e3b4762a1bdf16e6be8795ee4c9f2dd7a4a71941ee9a717d4d5981f3b68e96d5383e8b3eb593f71234918383a2e9cebd1793a356516bb6ff9923491db4aee36edadf7586551467d130e92332894bd1a56eaeb4722074951de6c725911b8ca373cfcb46f5cba67f079a114f13571735750d98d25fee4e9a9549766d597acce9529646b1a9f869d1c3a535b2e4dc94795279e7d3bbb89c9553cebc7f671f139ba97dcfa7b5666349e47956a9893a873da9b9eee5be4885f94a39f8053874b30dcc29135c7af4e4be5654ea276b2b5885d70c3f1982acb9609545d0a2ef2fb3b4496d1e55829c65096719a709753567ef34ad66b78b7c65d5efb710932db3a1e82e0dbf6aa11aeb13183939c270745c9c6709ca1257db5cb17c867fc103f4b8fd44bf50fa4ea57ebb76e532650d9d63e079fa5c7ea25fa879f03bfddc7ea25fa83a95fa6dc9a4ca1b3adbe06ff00bb5f512fd43c7c0d7f76bea1fea0ea57ea76e477075af818feed7d44bf507c0c3f4c8ffc797ea0ea57e9b7250759f8187e991ff8f2fd41f030fd323ff1e5fa83a95fa6da06a53ff30c1fcf53fbc8fa6ce61a1f8257431146bfed717c4ce3536561dadad969daeea657ddca74f32c9689f00003200001c375b70bc4e97c5c372aca35d7336ecddbda7dc5ba489ee1730db18dc0d7e4ab1950974be4fbc883a277f0fdeabd6dd995491994518b48cca65ef53aba5eb19381c3a5252966d79ab9174f596208cca2ce5c98b70c72715a84c52ac5de348fa73b2bbc973bdc636234e612194ebd14f9b8c8b9772cce39e1e36e49cf33e12552a18d3990588d6ec22bb8bab56d7bec529a5974cec887c46bcc7e25193e9a9351f049fbccedc3c23fcb6f4dcf68f548e755f5db12fcd8d2a6ba23293ef6ede046e2359b172bdebcd5b7ec6cd3b7b2908e1a53f8f79f2eb2e76cde4b9dee30ebe9bc243ceaf4535bd2a9194bb95d9c7313a4b6adb73751be5949cdf8e658ab8a92bd93cb77332df8b1ee568e17ecbbe7073a4e955fdba9d2929c235d5683b38f935a09cb279ff12353bcdd0f98342e9bc4d1752546ace96d24a5c549c64d26dabb8bfc0dc346f09b8ea794a4b1115fd48a9bb7ad4ecd7d2378a6a35b754768d3b7839e68be15b0d3b2ad4a74dbf8d4a51ab1ed5935b9f39b668dd67c0d7b71588a6e4f7424f8b9fb32b3639653b4b8008480000000000000000000341e19f08e5808565e761eac67d49e5efd93418e90a1149ba905757b6d2be7d0762d74c171da3f174b7b74a525d71f2978c4f9de1a29712aaf19151b5e6a56828bdcd5df33cb3b1d382f6ac4e9599d3647ac7868fc694fd583fc6c5aa9ae105e65293f5e6a3ee4cd72a61766de479db9ce4f664b9e2d64cb4e7257f26114b2ca2b2eadade5af96fed1cb129f9eb7e25f990a705d1194df8bb781895b4f63a5e7569c2fbb67629776ca4c89db93ba94aeba136d6edf6de50e195a4dc9e566e49b496edf9be4eab2319b9c95f8c9af89727fbca8e6d67e5ca537e25b5894b75f69e566942fdacb2e9f936df6dde772e6b37dfde7b382cb7271c9ed6cdf2cd669f515dacae78c93c93bdb36a4dfe17459956934ececf962ed16bb6e5551e7b49dfa1e76eacacb77388c1ddda32717c925b36e9bb6d5c6e52b3293f265bd7336efd964bde1c52935bd4be524fc5dcbd0a12b38a4adbecddda7f44ad6172b4a57b6eba49a5d6f32796d2861a596cbbbe6dedf4dad62ba749cb75af1df9c5765f7b32bf6785f36e5c96777f97819b86c3c37259733ddddcc5e31c8c6a749bb6d2b5f352b6df65d366647013938e5395935e524d25d7369f77312984a696e4975248cb522f18a19cd9070d0f55a5794636f35ddc9af0bfda32a9e89b6fa9395f7ac92bf6dd92678cb452b044b2347e96c4e1eca856a94e2b7454e5282fa126e3e06c182e12f150cab53a75d73c6f4a7deaebc11a84fa33eaccb30c3ce72d9845ce5f262b6e5ecc6efc05a959f2bc4bace8ee12747d4b2a8ea61a5fee41ca17f5a17f1b1b46034950af1daa1569568f3d29c676ebb3c8e2982d46d2156cf899c13e5a8a3492eb536a5f659b3689e0b271929d5aea9c97f41ce535d53f26ddccc2d5a7a94edd3c16707438ba70a7b539ec45436aa49ce72b2b5e527bdb2f1924000000000001e4a29a69e69e4cd6a1a83a257196c2c3f7b7e32f3ab2dabf5c8d9801ceb48f0594b8c8d4c2569d28c61c5fecd55ed61e515b565966adb5ca9ee46a1a6f536b51bb9d29d24bfd487ef68f5bb79bdad751dd0f2c695c930acd7e3e66c6688a91bbd9dbe5528b94d2fa37bfe046ca92be4d5b97c9b765b33e90d27aa983ad76e9f1537f1e85a9cafced5b65beb4cd2b4ef06f51de54f6312bb28d7ef6f665dad7517dd2dfa3bc797258af0c95b99954e57de964ad9251565baea2926fa77937a5356aad296cb5284b9215e3c5cddbe4b794bad644356a3283b4e2e2fa56feae7348a5531312b796592cba33bf38057c5cb9add792f1274b3cbf5fe079632b03a3aad676a309d67b9aa14ea566bd84d789b2e8fe0eb4955ff0041d25c92af529d25ecc76a5e026d11e46a30599238581d0f47704b3c9d7c4538f3c68d2954ee9d476fb26cd81e0e747d34b6d56c435fd5aae2bd9a7b2bc0a756b0acc6dca2338c7ce6a3eb349f892784d158aabfc2c3d7a89ee6a94a307f4e768f89d9301a1b0943f81428d17cf4e9c2327d6d2bb33cace79f50af24393e0750b1f2b6d2a3878ffb955ce6be8c135f689cc1f06f4d5b8ec4549f451a70a51fb7b6fc51be029392d2b72c35fc1ea668ea7fe846a3e7af29d6cfd59b697622728508423b308c6115ba308a8c57622e03399994800000000000000000000000000000002ce2b0d4ea45c2a423520f7c671528beb4cd534cf07984ad192a52a98672be4bf7b4efcfb13dd6e4b348dc4131331e11a73cd1fc1361219d6af88acf963070a107d915b5f68d8f476a568ca16e2f0945b8ee9554ebcd7d2a8e4cd8009b4cfb4a984124924925b925648a8020000000000000000000000000000000000000000000000000000000000000000000000000000000000000000000000000000000000000000000000000000000000000000000000000000000000000000000000000000000000000000000000000000000000000000000007fffd9, 8),
(7, 'image/png', 0xffd8ffe000104a46494600010100000100010000ffdb00840009060712121215101210161510151017151015171610171510151515161615151517181d2820181a251b151521322125292b2e2e2e171f3338332d37282d2e2b010a0a0a0505050e05050e2b1913192b2b2b2b2b2b2b2b2b2b2b2b2b2b2b2b2b2b2b2b2b2b2b2b2b2b2b2b2b2b2b2b2b2b2b2b2b2b2b2b2b2b2b2b2b2b2b2b2b2bffc000110800e100e103012200021101031101ffc4001b00010002030101000000000000000000000001030205060407ffc4003610000201020207050704030101000000000001020311042105061231415161132232718114425291a1b1d16282c1f02333724307ffc40014010100000000000000000000000000000000ffc40014110100000000000000000000000000000000ffda000c03010002110311003f00fb880000000000000000000000000000000000000000000000000000000000000000000000000000000000000000000000000000000000000000000000000000000029af898c726f3e5c6dccad63a3d40f503cfed712562e205e0a7da63cc9f688f302d054abc798ede3cfe8c0b4157b4479fdc7b447981682af688f3fb91ed31f880b814fb543e243daa1f12f9817029f6a87c4be6162a1f12f9a02e0426480000000000000000000000001a7d3d4f676711c229c2af4849a7b7fb6493f272298c8de548a69a6ae9ab35c1a7c19cd5283a53741dfba93a6dfbd4df873e2d59c5ffca7c501ecb92568902c4c9b9593702cb8da30b8b819dc366299170326cc5c83662d810d984992d9836061265532c9329901b3d0f8dcfb393ff87f75f837271d27d73e0f93e6749a2f19da43f52ca4baf3f2607b4000000000000000000000000d569ec1b9455582bd4a77692df38bf1c3d524d758c4da8039ac3d6528a92774d5d3e69e6996dca31747b0ace3ff009d46e74fa4b7d487cded2f397c25b702cb84cc2e4a606771730b937033b91731b917033b98b6436637025b30930d98360632656cca4cae4c0c5b32c1e2dd29a9addba4b9afc9548ae6c0eda9d4524a49dd3574f9a3239cd5ec7ecbec65b9bee3e4f8c7d4e8c0000000000000000000000000f1697c0f6d4dc53b4d77a9cbe19af0bf2e0fa368e7f075f6a39ab4936a517be324ed28bf269af43ad399d3b87ecaaaacbc151a8d4e9537465fb9251f351e6c0cae2e54a44ed016a90b956d0b816ed11b457b446d016ed18ed15ed11b407a295172b6764e5b29efced7dc315849c37abae6bf9e46785a9b50953f7bc50f35c11c6ebb69c4ed878ca528a4dd771926fb24e9c6b53cb38d5842bc6adf27dc40748d95c99cdea569ba95e1570f8877c6616aba35deeed2d7d8ab6fd493f54df13a1930224cadb32932b9018c9ff791d6e85d21db433ff64729f5e52f5fc9c8365981c64a94d545e525f1478afef203bc05787aca71538bbc5aba6580000000000000000000000a31b858d584a9cd5e328b4f835d53e0d6fb978038ac3ca5172a553fd9096ccbf571525d1a69fab5c0bf68f6eb4e0ac96263be0ad5bad3bdf6bf6b6df9391ad8cee80b7686d156d0b816ed0da2bda23680b1c83915390da02c8cecd34f35b8f9b694d54c751c6c31742b4b1143b7dba94e5251ab152876351a7929beceeb6b2792c9ef7f44da316c0e0fff009c6ac627095f175310db8cdec5394a49cab28cdbed5e6ecad6df9e6776d90d98b604b656d92d98360448ae4cc995c80dd6ace92d8976327dc93ee3f865cbd7efe675a7cd64767abda53b686cc9ff0096394bf52e12fef1036e000000000000000000000002251bab3cd71ea70f570ee8559507e159d27f1537e157e71ce2fc93e277269b59b47bab4f6e0af569de50e735ef43f72597551e40685b1b45146b294534f2693f34f719dc0b2e46d15dc5c0b2e45cc2e45c0b2e63731b9170326cc5b22e43601b31930d98b021983664cc1818b2cc0e2e546a46a477adebe25c515c8c181f48c2e263520a71778c95d7e1f52e38ad59d27d9cfb293ee4df77f4cbf0fef63b44048000000002ba95a2b7b289e35705f3c80f5835b3c7be8bfbd4a278eeafedf60370e4b995cabc571349531879aae37ab037b531a91e4aba512e297a5cd0d5c5be6786b62fa81854aca35a4926a136e71bab2da6ef522b967de5e72e47a2e6ab1b3725ca49a706f8496e7fc3e8d9eac16254e2a5bb9ae316b2717e4d3407aae2e60d8b819dc8b985c5c0cdb21b31b9170326c8b9043024864364360432192d98a77dc808660cc6be2210f14d2e8b36795691da6a34a93937baf7cfc901eb54dbc926cfa1e8973eca1da78f616d73bf5ea6a356b45cd2ed2b42cfdd52f12eb6dcbee746000004499a0c7631d2769ac9df664f74ba29707d1b46faa2c8d0e9ad1ce49f7a4efc387a81a8d21ae186a13d8aee74f2baa92a757b277e55145c7e6d1ecc1695a15e3b746bc2a42f6bc24a4afcaeaeafd0e66be071549becdda3f0abb8bf466834ee0fb7a6e954a5d8b7514dd4a0a30939256da7959bb71df6407d2677289c99c76aee2a3468d3a13c55494a1b57a935de95e5b514dbdadc9db7f037d4f1b36bbb38545f2fae607bea51a96bec6478ebda3e29daeec92526e5e4ad7fa08e926b7c251ff9775f2577f4267a414ed155adce3dd8b92e4ed9af4b01e5ab3caea9cbab9b518af3e3f43c756bb7ba495d65d9c64dbfdef2f9a46d5d1a6edfe35757b3bb9357df9bccf163a9a6ec9cddd6ebc611fdd2ba7f5606bb12f8cb2597fb2797a416f66382afb151af726ede1718c676eeefdfb4b2bf3512cad4b62d9d3836b85e5376e117c57ccf1625c5f77bcdb596d4b655d71d959ed71bd80e8ee45cf168ac53a90ef78d653c9abb5ef59e766accf58195c8b98dc8b819dc5caa551183adc80bee4399afad8f8477cbd16678e7a51bca10f57f80372ea1e7ad8d847c535e4b366b6342bd5deddb92c8db68dd559cdf87cdfe581af9e95be50a6df57f82234711577b6972591f40d15aad4a9e734a52e5eeafc9b6868fa49dd538af24adf20382d11a9f29b4e59478b7fc733b7d17a1e8e1d5a9c73e3279c9faf03de8c5c80cc1089000000438a2401454c2c65bd1e0c4e86a72e06d88b01c7e3754e32dd13418ad529c5de375f347d3ec62e007c96786c553f79b5c9e7f72b96929acaa514d7f7833ead5b01096f89adc4eaf5396efaa03e74b1f0bde32953e99a4bd371efa389935ddab1974767f55f83778dd515c2268b15aab28e6ae80b3b77ef53f58b4ff000fe850e946cdc124ef9dd6cbbfa9e59e13114f736d75cd7d4f2e324aac254b11414e9c9ada576af6b5b73e880ba9d6ab4ab294a9cbb37dc9b4ae92df179726fe4d9d04d335da2749e1e94234fbd18422a314f6a4d24ac95f3b9ecc5eb151b5a9a94bce292fa818ce6782be908477cb3e4b33cd88756bbdd68adc97e4f5e0757652e007867a4a4fc10f564470d5aa6f6edf24765a3f55b9a3a0c2683a71deae070381d5b94b81d268fd5459368eb29d08c7722d035d85d0d4a1c2ecd8462964964480000021a24000084c900000045c90045c9000000000008b18ce927bd19803c35b4653970b1acc4eae41ee48e8401c4d7d548b7e032c3ea9c6fb8ed001a4c26808477a46d2961631dc8bc0109120000000000021a240000010a2480000000000000000000000000000000000000000000000000000000000000000000000000000000000000000000000000000000000000000000000000000000000000000000000000000000000000000000000000000000000000000007fffd9, 6),
(8, 'image/png', 0xffd8ffe000104a46494600010100000100010000ffdb0084000906070f121010101012100e0f0f15150f10110f1010101010101515171616151516181c2820181d251b151521312d25292b2e2e2e171f3338332d37282d2e2b010a0a0a0e0d0e1a10101b2b1e1f1d2b2d2d2d2d2d2b2b2b2d2d2d2d2d2d2b2d2d2b2d2d302b2d2d2d2d2d2d2d372b2d2d2d2d2d2d2f2d2d2d2d2d2d352d2d2d2dffc000110800e100e103012200021101031101ffc4001c0001000105010100000000000000000000000502030406070108ffc400491000020102020409060b0605050100000000010203110421050612310713415161718191a12232547292b1174252738293a2b2c1d1d31423333553641625436394344483c2d224ffc4001a010100030101010000000000000000000000010203040506ffc400261101000202000700020203000000000000000102031104121321314151146105222381b1ffda000c03010002110311003f00ee200000000000000000000000000000000000000000000000000000000000000000000000000000000000000000000000000000000000000000000000000000000000000000000000000000000000000000000000000000000000000000000000000000000000348d79d2b88a35e9c69549538ba7b4d45daef6a4afe08d627ac98dfebd4f6898e125ff00fa697cd2fbf334d9c8ecc711c90e0c933cf3dd255359f1de9157da31aa6b5690e4c4d5ef23aa3316a32fa8f89899fa949eb6e91f49abed18f3d70d25e955bda22aa48c6a8c8d47c5e3696abae3a49e5fb557ec9b5e28b0f5bf497a5e23eb67f991122d31a85e2134b5cb49a7962ebf6d46fde1ebbe95f4baddebf2206452c8e585e213ff00e38d2be975bbd7e43fc71a57d2eb77afc8d7cf08d47c5e21b0ff008e34afa5d6ef5f91ead77d2be975bbd7e46bc7a872c2da6e9aafadba4aa6370b4ea62ab4a13ab0528b6ad257cd3c8ef67cd5a99ff5f84f9d87bcfa54c72c446b40003102cd5c5d28f9d5211f5a715ef64270818475746e2a0b7ec6d75d9a799f3f61b014f662ed6babe565f8116b456372d7161b659d55f47d5d61c0c7cec5e163eb62292f7c8c4a9ae7a2d7fde61dfab514feedce0b0c1d3e67decc9a585a7f2576b6ccfab0e98e0327d8766adc21e888efc4a76f9346bcbdd03167c27e8bf8b3ab3f568cd7deb1cc286169fc887b2897c2d18add18aea8a2b39e23d2df813eecdba7c2ae07e252c54faa1497fee5b7c254dff0f01889ae4bb92f7419af4ea591b068eabb54e12e74bbd64fdc656e2a63d22782d7b791d7bd232f3746ce1ebcaa7ff28b9fe29d312f33054a3ebcd3f7cd19719176150c278ebfa885678688f68f7a5b4ec9650c2527d39dbedb10aba72593c461e0dfc98c7f1a6fde49cab2465e020edb4f9777519471d96d6d46959c1588db5cc6eab632bc94f118a84e496ca6a12ca376ed65b2b7b6510d455f1abed7fe1fce6cdc4a25234bf199623cb38c34f8e63adba1e38674d4738c95f6b6545b7769a76e6b47da3579c8e93c2150dac3c66b370935d5192bfbe115da7339b3d6e0334e5c3133e5c79e9abadcd98f32ecd9666ced52216a45a917245b6178850ca5953286cacaf10f18002c15149ea094d6a6bff30c27cec3de7d2a7cd5a99fcc309f3b0f79f4a9866f48f6000c459c6505529d4a6f7548ca0fe926bf13e6f85371954a6f274e7285bb6ebde7d2c702d71c2713a4f170dca7255a3d52cff1456f1babab83b72e58fda3228c8a68b31464d231e57afcccaa2893c391f45123874676a1ccb78a95897d57c46d516be44dc7b1da5f8b2171fb86a8e22d52bc3e546335f45d9fde4617aff526370dc1d51c79813ac60e3b1db2acb79c574570ed3f806eb55d95e6c739f5722edfccd992b119abda3dd1a2b6ff00893f2ea7437ba3d8b2ebb925264e3af2c6febcfcd68b5b51e214c9966522a932d499cf96ecd1fac1478cc3568ef7b3b6973b879697d938ed5566d733b771db9e7bf34718d33478baf569fc893867cbb395fb6d7ed3d6fe0f2ef9e9fedcbc446f52c19b2d48ae4cb7267d0308866687d152c44eca4a9c53841ce49b5c6559a853824b7ca527974293dc9997a4356274e9ba8aac6a6cc769c6116dae8df93eb4b710caac9592949252534936ad35ba4ba5738ad8cab2f3aa54935bb6aa4e56ef65277bed2bc42f55d1ad476b6d5f654dc2cf695e2a567de46b2ecaacb76d4bda6596237ed601e0252f41e0026f533f9860fe7a1ef3e963e68d4cfe6183f9e87bcfa5cc337a47b000620720e17b09b18ec356e4ad4dc1be7945bfc364ebe73ce1a7097c1d1ae96787aa9fd196ff00ba4c2d4b72da27e39bc11914916608caa489e47ad3765504485046151467d0452f45eb663e3a39322b43d5d8c5439a6a707dcdaf18a273170c8d7abf915213f9138cbb134d9c77afa6f496cf89c4249b2f6a7601e2311c74d5e95069ae6955df15d9bfb8d571189a93a8a8c16d4e52e2e315bdcaf64bbcec1abda2e386c3c292cda5794be54de72977f82479d35eeb7179630e2d479b7fc6748b1365ea92316a488cb6d7678912a64cb726792914391c53132a5aeaae730e1070bb18b94964aac633e8bdb67df06fb4e9b734be12f0d7a746afc994a9bed5b4beecbbcf43f8b9e9f111fbecc2d7df673d932db655265a933ea9110a64ca19eb296c8594b652cf594c98487973c3c03db8b9e0027352dff9860fe7a1ef3e983e65d4bfe6183f9e87de47d34619bd2000188101af782e3b4762a1bdf16e6be8795ee4c9f2dd7a4a71941ee9a717d4d5981f3b68e96d5383e8b3eb593f71234918383a2e9cebd1793a356516bb6ff9923491db4aee36edadf7586551467d130e92332894bd1a56eaeb4722074951de6c725911b8ca373cfcb46f5cba67f079a114f13571735750d98d25fee4e9a9549766d597acce9529646b1a9f869d1c3a535b2e4dc94795279e7d3bbb89c9553cebc7f671f139ba97dcfa7b5666349e47956a9893a873da9b9eee5be4885f94a39f8053874b30dcc29135c7af4e4be5654ea276b2b5885d70c3f1982acb9609545d0a2ef2fb3b4496d1e55829c65096719a709753567ef34ad66b78b7c65d5efb710932db3a1e82e0dbf6aa11aeb13183939c270745c9c6709ca1257db5cb17c867fc103f4b8fd44bf50fa4ea57ebb76e532650d9d63e079fa5c7ea25fa879f03bfddc7ea25fa83a95fa6dc9a4ca1b3adbe06ff00bb5f512fd43c7c0d7f76bea1fea0ea57ea76e477075af818feed7d44bf507c0c3f4c8ffc797ea0ea57e9b7250759f8187e991ff8f2fd41f030fd323ff1e5fa83a95fa6da06a53ff30c1fcf53fbc8fa6ce61a1f8257431146bfed717c4ce3536561dadad969daeea657ddca74f32c9689f00003200001c375b70bc4e97c5c372aca35d7336ecddbda7dc5ba489ee1730db18dc0d7e4ab1950974be4fbc883a277f0fdeabd6dd995491994518b48cca65ef53aba5eb19381c3a5252966d79ab9174f596208cca2ce5c98b70c72715a84c52ac5de348fa73b2bbc973bdc636234e612194ebd14f9b8c8b9772cce39e1e36e49cf33e12552a18d3990588d6ec22bb8bab56d7bec529a5974cec887c46bcc7e25193e9a9351f049fbccedc3c23fcb6f4dcf68f548e755f5db12fcd8d2a6ba23293ef6ede046e2359b172bdebcd5b7ec6cd3b7b2908e1a53f8f79f2eb2e76cde4b9dee30ebe9bc243ceaf4535bd2a9194bb95d9c7313a4b6adb73751be5949cdf8e658ab8a92bd93cb77332df8b1ee568e17ecbbe7073a4e955fdba9d2929c235d5683b38f935a09cb279ff12353bcdd0f98342e9bc4d1752546ace96d24a5c549c64d26dabb8bfc0dc346f09b8ea794a4b1115fd48a9bb7ad4ecd7d2378a6a35b754768d3b7839e68be15b0d3b2ad4a74dbf8d4a51ab1ed5935b9f39b668dd67c0d7b71588a6e4f7424f8b9fb32b3639653b4b8008480000000000000000000341e19f08e5808565e761eac67d49e5efd93418e90a1149ba905757b6d2be7d0762d74c171da3f174b7b74a525d71f2978c4f9de1a29712aaf19151b5e6a56828bdcd5df33cb3b1d382f6ac4e9599d3647ac7868fc694fd583fc6c5aa9ae105e65293f5e6a3ee4cd72a61766de479db9ce4f664b9e2d64cb4e7257f26114b2ca2b2eadade5af96fed1cb129f9eb7e25f990a705d1194df8bb781895b4f63a5e7569c2fbb67629776ca4c89db93ba94aeba136d6edf6de50e195a4dc9e566e49b496edf9be4eab2319b9c95f8c9af89727fbca8e6d67e5ca537e25b5894b75f69e566942fdacb2e9f936df6dde772e6b37dfde7b382cb7271c9ed6cdf2cd669f515dacae78c93c93bdb36a4dfe17459956934ececf962ed16bb6e5551e7b49dfa1e76eacacb77388c1ddda32717c925b36e9bb6d5c6e52b3293f265bd7336efd964bde1c52935bd4be524fc5dcbd0a12b38a4adbecddda7f44ad6172b4a57b6eba49a5d6f32796d2861a596cbbbe6dedf4dad62ba749cb75af1df9c5765f7b32bf6785f36e5c96777f97819b86c3c37259733ddddcc5e31c8c6a749bb6d2b5f352b6df65d366647013938e5395935e524d25d7369f77312984a696e4975248cb522f18a19cd9070d0f55a5794636f35ddc9af0bfda32a9e89b6fa9395f7ac92bf6dd92678cb452b044b2347e96c4e1eca856a94e2b7454e5282fa126e3e06c182e12f150cab53a75d73c6f4a7deaebc11a84fa33eaccb30c3ce72d9845ce5f262b6e5ecc6efc05a959f2bc4bace8ee12747d4b2a8ea61a5fee41ca17f5a17f1b1b46034950af1daa1569568f3d29c676ebb3c8e2982d46d2156cf899c13e5a8a3492eb536a5f659b3689e0b271929d5aea9c97f41ce535d53f26ddccc2d5a7a94edd3c16707438ba70a7b539ec45436aa49ce72b2b5e527bdb2f1924000000000001e4a29a69e69e4cd6a1a83a257196c2c3f7b7e32f3ab2dabf5c8d9801ceb48f0594b8c8d4c2569d28c61c5fecd55ed61e515b565966adb5ca9ee46a1a6f536b51bb9d29d24bfd487ef68f5bb79bdad751dd0f2c695c930acd7e3e66c6688a91bbd9dbe5528b94d2fa37bfe046ca92be4d5b97c9b765b33e90d27aa983ad76e9f1537f1e85a9cafced5b65beb4cd2b4ef06f51de54f6312bb28d7ef6f665dad7517dd2dfa3bc797258af0c95b99954e57de964ad9251565baea2926fa77937a5356aad296cb5284b9215e3c5cddbe4b794bad644356a3283b4e2e2fa56feae7348a5531312b796592cba33bf38057c5cb9add792f1274b3cbf5fe079632b03a3aad676a309d67b9aa14ea566bd84d789b2e8fe0eb4955ff0041d25c92af529d25ecc76a5e026d11e46a30599238581d0f47704b3c9d7c4538f3c68d2954ee9d476fb26cd81e0e747d34b6d56c435fd5aae2bd9a7b2bc0a756b0acc6dca2338c7ce6a3eb349f892784d158aabfc2c3d7a89ee6a94a307f4e768f89d9301a1b0943f81428d17cf4e9c2327d6d2bb33cace79f50af24393e0750b1f2b6d2a3878ffb955ce6be8c135f689cc1f06f4d5b8ec4549f451a70a51fb7b6fc51be029392d2b72c35fc1ea668ea7fe846a3e7af29d6cfd59b697622728508423b308c6115ba308a8c57622e03399994800000000000000000000000000000002ce2b0d4ea45c2a423520f7c671528beb4cd534cf07984ad192a52a98672be4bf7b4efcfb13dd6e4b348dc4131331e11a73cd1fc1361219d6af88acf963070a107d915b5f68d8f476a568ca16e2f0945b8ee9554ebcd7d2a8e4cd8009b4cfb4a984124924925b925648a8020000000000000000000000000000000000000000000000000000000000000000000000000000000000000000000000000000000000000000000000000000000000000000000000000000000000000000000000000000000000000000000000000000000000000000000007fffd9, 5),
(9, 'image/png', 0xffd8ffe000104a46494600010100000100010000ffdb0084000906070f121010101012100e0f0f15150f10110f1010101010101515171616151516181c2820181d251b151521312d25292b2e2e2e171f3338332d37282d2e2b010a0a0a0e0d0e1a10101b2b1e1f1d2b2d2d2d2d2d2b2b2b2d2d2d2d2d2d2b2d2d2b2d2d302b2d2d2d2d2d2d2d372b2d2d2d2d2d2d2f2d2d2d2d2d2d352d2d2d2dffc000110800e100e103012200021101031101ffc4001c0001000105010100000000000000000000000502030406070108ffc400491000020102020409060b0605050100000000010203110421050612310713415161718191a12232547292b1174252738293a2b2c1d1d31423333553641625436394344483c2d224ffc4001a010100030101010000000000000000000000010203040506ffc400261101000202000700020203000000000000000102031104121321314151146105222381b1ffda000c03010002110311003f00ee200000000000000000000000000000000000000000000000000000000000000000000000000000000000000000000000000000000000000000000000000000000000000000000000000000000000000000000000000000000000000000000000000000000000348d79d2b88a35e9c69549538ba7b4d45daef6a4afe08d627ac98dfebd4f6898e125ff00fa697cd2fbf334d9c8ecc711c90e0c933cf3dd255359f1de9157da31aa6b5690e4c4d5ef23aa3316a32fa8f89899fa949eb6e91f49abed18f3d70d25e955bda22aa48c6a8c8d47c5e3696abae3a49e5fb557ec9b5e28b0f5bf497a5e23eb67f991122d31a85e2134b5cb49a7962ebf6d46fde1ebbe95f4baddebf2206452c8e585e213ff00e38d2be975bbd7e43fc71a57d2eb77afc8d7cf08d47c5e21b0ff008e34afa5d6ef5f91ead77d2be975bbd7e46bc7a872c2da6e9aafadba4aa6370b4ea62ab4a13ab0528b6ad257cd3c8ef67cd5a99ff5f84f9d87bcfa54c72c446b40003102cd5c5d28f9d5211f5a715ef64270818475746e2a0b7ec6d75d9a799f3f61b014f662ed6babe565f8116b456372d7161b659d55f47d5d61c0c7cec5e163eb62292f7c8c4a9ae7a2d7fde61dfab514feedce0b0c1d3e67decc9a585a7f2576b6ccfab0e98e0327d8766adc21e888efc4a76f9346bcbdd03167c27e8bf8b3ab3f568cd7deb1cc286169fc887b2897c2d18add18aea8a2b39e23d2df813eecdba7c2ae07e252c54faa1497fee5b7c254dff0f01889ae4bb92f7419af4ea591b068eabb54e12e74bbd64fdc656e2a63d22782d7b791d7bd232f3746ce1ebcaa7ff28b9fe29d312f33054a3ebcd3f7cd19719176150c278ebfa885678688f68f7a5b4ec9650c2527d39dbedb10aba72593c461e0dfc98c7f1a6fde49cab2465e020edb4f9777519471d96d6d46959c1588db5cc6eab632bc94f118a84e496ca6a12ca376ed65b2b7b6510d455f1abed7fe1fce6cdc4a25234bf199623cb38c34f8e63adba1e38674d4738c95f6b6545b7769a76e6b47da3579c8e93c2150dac3c66b370935d5192bfbe115da7339b3d6e0334e5c3133e5c79e9abadcd98f32ecd9666ced52216a45a917245b6178850ca5953286cacaf10f18002c15149ea094d6a6bff30c27cec3de7d2a7cd5a99fcc309f3b0f79f4a9866f48f6000c459c6505529d4a6f7548ca0fe926bf13e6f85371954a6f274e7285bb6ebde7d2c702d71c2713a4f170dca7255a3d52cff1456f1babab83b72e58fda3228c8a68b31464d231e57afcccaa2893c391f45123874676a1ccb78a95897d57c46d516be44dc7b1da5f8b2171fb86a8e22d52bc3e546335f45d9fde4617aff526370dc1d51c79813ac60e3b1db2acb79c574570ed3f806eb55d95e6c739f5722edfccd992b119abda3dd1a2b6ff00893f2ea7437ba3d8b2ebb925264e3af2c6febcfcd68b5b51e214c9966522a932d499cf96ecd1fac1478cc3568ef7b3b6973b879697d938ed5566d733b771db9e7bf34718d33478baf569fc893867cbb395fb6d7ed3d6fe0f2ef9e9fedcbc446f52c19b2d48ae4cb7267d0308866687d152c44eca4a9c53841ce49b5c6559a853824b7ca527974293dc9997a4356274e9ba8aac6a6cc769c6116dae8df93eb4b710caac9592949252534936ad35ba4ba5738ad8cab2f3aa54935bb6aa4e56ef65277bed2bc42f55d1ad476b6d5f654dc2cf695e2a567de46b2ecaacb76d4bda6596237ed601e0252f41e0026f533f9860fe7a1ef3e963e68d4cfe6183f9e87bcfa5cc337a47b000620720e17b09b18ec356e4ad4dc1be7945bfc364ebe73ce1a7097c1d1ae96787aa9fd196ff00ba4c2d4b72da27e39bc11914916608caa489e47ad3765504485046151467d0452f45eb663e3a39322b43d5d8c5439a6a707dcdaf18a273170c8d7abf915213f9138cbb134d9c77afa6f496cf89c4249b2f6a7601e2311c74d5e95069ae6955df15d9bfb8d571189a93a8a8c16d4e52e2e315bdcaf64bbcec1abda2e386c3c292cda5794be54de72977f82479d35eeb7179630e2d479b7fc6748b1365ea92316a488cb6d7678912a64cb726792914391c53132a5aeaae730e1070bb18b94964aac633e8bdb67df06fb4e9b734be12f0d7a746afc994a9bed5b4beecbbcf43f8b9e9f111fbecc2d7df673d932db655265a933ea9110a64ca19eb296c8594b652cf594c98487973c3c03db8b9e0027352dff9860fe7a1ef3e983e65d4bfe6183f9e87de47d34619bd2000188101af782e3b4762a1bdf16e6be8795ee4c9f2dd7a4a71941ee9a717d4d5981f3b68e96d5383e8b3eb593f71234918383a2e9cebd1793a356516bb6ff9923491db4aee36edadf7586551467d130e92332894bd1a56eaeb4722074951de6c725911b8ca373cfcb46f5cba67f079a114f13571735750d98d25fee4e9a9549766d597acce9529646b1a9f869d1c3a535b2e4dc94795279e7d3bbb89c9553cebc7f671f139ba97dcfa7b5666349e47956a9893a873da9b9eee5be4885f94a39f8053874b30dcc29135c7af4e4be5654ea276b2b5885d70c3f1982acb9609545d0a2ef2fb3b4496d1e55829c65096719a709753567ef34ad66b78b7c65d5efb710932db3a1e82e0dbf6aa11aeb13183939c270745c9c6709ca1257db5cb17c867fc103f4b8fd44bf50fa4ea57ebb76e532650d9d63e079fa5c7ea25fa879f03bfddc7ea25fa83a95fa6dc9a4ca1b3adbe06ff00bb5f512fd43c7c0d7f76bea1fea0ea57ea76e477075af818feed7d44bf507c0c3f4c8ffc797ea0ea57e9b7250759f8187e991ff8f2fd41f030fd323ff1e5fa83a95fa6da06a53ff30c1fcf53fbc8fa6ce61a1f8257431146bfed717c4ce3536561dadad969daeea657ddca74f32c9689f00003200001c375b70bc4e97c5c372aca35d7336ecddbda7dc5ba489ee1730db18dc0d7e4ab1950974be4fbc883a277f0fdeabd6dd995491994518b48cca65ef53aba5eb19381c3a5252966d79ab9174f596208cca2ce5c98b70c72715a84c52ac5de348fa73b2bbc973bdc636234e612194ebd14f9b8c8b9772cce39e1e36e49cf33e12552a18d3990588d6ec22bb8bab56d7bec529a5974cec887c46bcc7e25193e9a9351f049fbccedc3c23fcb6f4dcf68f548e755f5db12fcd8d2a6ba23293ef6ede046e2359b172bdebcd5b7ec6cd3b7b2908e1a53f8f79f2eb2e76cde4b9dee30ebe9bc243ceaf4535bd2a9194bb95d9c7313a4b6adb73751be5949cdf8e658ab8a92bd93cb77332df8b1ee568e17ecbbe7073a4e955fdba9d2929c235d5683b38f935a09cb279ff12353bcdd0f98342e9bc4d1752546ace96d24a5c549c64d26dabb8bfc0dc346f09b8ea794a4b1115fd48a9bb7ad4ecd7d2378a6a35b754768d3b7839e68be15b0d3b2ad4a74dbf8d4a51ab1ed5935b9f39b668dd67c0d7b71588a6e4f7424f8b9fb32b3639653b4b8008480000000000000000000341e19f08e5808565e761eac67d49e5efd93418e90a1149ba905757b6d2be7d0762d74c171da3f174b7b74a525d71f2978c4f9de1a29712aaf19151b5e6a56828bdcd5df33cb3b1d382f6ac4e9599d3647ac7868fc694fd583fc6c5aa9ae105e65293f5e6a3ee4cd72a61766de479db9ce4f664b9e2d64cb4e7257f26114b2ca2b2eadade5af96fed1cb129f9eb7e25f990a705d1194df8bb781895b4f63a5e7569c2fbb67629776ca4c89db93ba94aeba136d6edf6de50e195a4dc9e566e49b496edf9be4eab2319b9c95f8c9af89727fbca8e6d67e5ca537e25b5894b75f69e566942fdacb2e9f936df6dde772e6b37dfde7b382cb7271c9ed6cdf2cd669f515dacae78c93c93bdb36a4dfe17459956934ececf962ed16bb6e5551e7b49dfa1e76eacacb77388c1ddda32717c925b36e9bb6d5c6e52b3293f265bd7336efd964bde1c52935bd4be524fc5dcbd0a12b38a4adbecddda7f44ad6172b4a57b6eba49a5d6f32796d2861a596cbbbe6dedf4dad62ba749cb75af1df9c5765f7b32bf6785f36e5c96777f97819b86c3c37259733ddddcc5e31c8c6a749bb6d2b5f352b6df65d366647013938e5395935e524d25d7369f77312984a696e4975248cb522f18a19cd9070d0f55a5794636f35ddc9af0bfda32a9e89b6fa9395f7ac92bf6dd92678cb452b044b2347e96c4e1eca856a94e2b7454e5282fa126e3e06c182e12f150cab53a75d73c6f4a7deaebc11a84fa33eaccb30c3ce72d9845ce5f262b6e5ecc6efc05a959f2bc4bace8ee12747d4b2a8ea61a5fee41ca17f5a17f1b1b46034950af1daa1569568f3d29c676ebb3c8e2982d46d2156cf899c13e5a8a3492eb536a5f659b3689e0b271929d5aea9c97f41ce535d53f26ddccc2d5a7a94edd3c16707438ba70a7b539ec45436aa49ce72b2b5e527bdb2f1924000000000001e4a29a69e69e4cd6a1a83a257196c2c3f7b7e32f3ab2dabf5c8d9801ceb48f0594b8c8d4c2569d28c61c5fecd55ed61e515b565966adb5ca9ee46a1a6f536b51bb9d29d24bfd487ef68f5bb79bdad751dd0f2c695c930acd7e3e66c6688a91bbd9dbe5528b94d2fa37bfe046ca92be4d5b97c9b765b33e90d27aa983ad76e9f1537f1e85a9cafced5b65beb4cd2b4ef06f51de54f6312bb28d7ef6f665dad7517dd2dfa3bc797258af0c95b99954e57de964ad9251565baea2926fa77937a5356aad296cb5284b9215e3c5cddbe4b794bad644356a3283b4e2e2fa56feae7348a5531312b796592cba33bf38057c5cb9add792f1274b3cbf5fe079632b03a3aad676a309d67b9aa14ea566bd84d789b2e8fe0eb4955ff0041d25c92af529d25ecc76a5e026d11e46a30599238581d0f47704b3c9d7c4538f3c68d2954ee9d476fb26cd81e0e747d34b6d56c435fd5aae2bd9a7b2bc0a756b0acc6dca2338c7ce6a3eb349f892784d158aabfc2c3d7a89ee6a94a307f4e768f89d9301a1b0943f81428d17cf4e9c2327d6d2bb33cace79f50af24393e0750b1f2b6d2a3878ffb955ce6be8c135f689cc1f06f4d5b8ec4549f451a70a51fb7b6fc51be029392d2b72c35fc1ea668ea7fe846a3e7af29d6cfd59b697622728508423b308c6115ba308a8c57622e03399994800000000000000000000000000000002ce2b0d4ea45c2a423520f7c671528beb4cd534cf07984ad192a52a98672be4bf7b4efcfb13dd6e4b348dc4131331e11a73cd1fc1361219d6af88acf963070a107d915b5f68d8f476a568ca16e2f0945b8ee9554ebcd7d2a8e4cd8009b4cfb4a984124924925b925648a8020000000000000000000000000000000000000000000000000000000000000000000000000000000000000000000000000000000000000000000000000000000000000000000000000000000000000000000000000000000000000000000000000000000000000000000007fffd9, 15);
INSERT INTO `picture` (`id`, `type`, `data`, `prodId`) VALUES
(10, 'image/png', 0xffd8ffe000104a46494600010100000100010000ffdb0084000906070f121010101012100e0f0f15150f10110f1010101010101515171616151516181c2820181d251b151521312d25292b2e2e2e171f3338332d37282d2e2b010a0a0a0e0d0e1a10101b2b1e1f1d2b2d2d2d2d2d2b2b2b2d2d2d2d2d2d2b2d2d2b2d2d302b2d2d2d2d2d2d2d372b2d2d2d2d2d2d2f2d2d2d2d2d2d352d2d2d2dffc000110800e100e103012200021101031101ffc4001c0001000105010100000000000000000000000502030406070108ffc400491000020102020409060b0605050100000000010203110421050612310713415161718191a12232547292b1174252738293a2b2c1d1d31423333553641625436394344483c2d224ffc4001a010100030101010000000000000000000000010203040506ffc400261101000202000700020203000000000000000102031104121321314151146105222381b1ffda000c03010002110311003f00ee200000000000000000000000000000000000000000000000000000000000000000000000000000000000000000000000000000000000000000000000000000000000000000000000000000000000000000000000000000000000000000000000000000000000348d79d2b88a35e9c69549538ba7b4d45daef6a4afe08d627ac98dfebd4f6898e125ff00fa697cd2fbf334d9c8ecc711c90e0c933cf3dd255359f1de9157da31aa6b5690e4c4d5ef23aa3316a32fa8f89899fa949eb6e91f49abed18f3d70d25e955bda22aa48c6a8c8d47c5e3696abae3a49e5fb557ec9b5e28b0f5bf497a5e23eb67f991122d31a85e2134b5cb49a7962ebf6d46fde1ebbe95f4baddebf2206452c8e585e213ff00e38d2be975bbd7e43fc71a57d2eb77afc8d7cf08d47c5e21b0ff008e34afa5d6ef5f91ead77d2be975bbd7e46bc7a872c2da6e9aafadba4aa6370b4ea62ab4a13ab0528b6ad257cd3c8ef67cd5a99ff5f84f9d87bcfa54c72c446b40003102cd5c5d28f9d5211f5a715ef64270818475746e2a0b7ec6d75d9a799f3f61b014f662ed6babe565f8116b456372d7161b659d55f47d5d61c0c7cec5e163eb62292f7c8c4a9ae7a2d7fde61dfab514feedce0b0c1d3e67decc9a585a7f2576b6ccfab0e98e0327d8766adc21e888efc4a76f9346bcbdd03167c27e8bf8b3ab3f568cd7deb1cc286169fc887b2897c2d18add18aea8a2b39e23d2df813eecdba7c2ae07e252c54faa1497fee5b7c254dff0f01889ae4bb92f7419af4ea591b068eabb54e12e74bbd64fdc656e2a63d22782d7b791d7bd232f3746ce1ebcaa7ff28b9fe29d312f33054a3ebcd3f7cd19719176150c278ebfa885678688f68f7a5b4ec9650c2527d39dbedb10aba72593c461e0dfc98c7f1a6fde49cab2465e020edb4f9777519471d96d6d46959c1588db5cc6eab632bc94f118a84e496ca6a12ca376ed65b2b7b6510d455f1abed7fe1fce6cdc4a25234bf199623cb38c34f8e63adba1e38674d4738c95f6b6545b7769a76e6b47da3579c8e93c2150dac3c66b370935d5192bfbe115da7339b3d6e0334e5c3133e5c79e9abadcd98f32ecd9666ced52216a45a917245b6178850ca5953286cacaf10f18002c15149ea094d6a6bff30c27cec3de7d2a7cd5a99fcc309f3b0f79f4a9866f48f6000c459c6505529d4a6f7548ca0fe926bf13e6f85371954a6f274e7285bb6ebde7d2c702d71c2713a4f170dca7255a3d52cff1456f1babab83b72e58fda3228c8a68b31464d231e57afcccaa2893c391f45123874676a1ccb78a95897d57c46d516be44dc7b1da5f8b2171fb86a8e22d52bc3e546335f45d9fde4617aff526370dc1d51c79813ac60e3b1db2acb79c574570ed3f806eb55d95e6c739f5722edfccd992b119abda3dd1a2b6ff00893f2ea7437ba3d8b2ebb925264e3af2c6febcfcd68b5b51e214c9966522a932d499cf96ecd1fac1478cc3568ef7b3b6973b879697d938ed5566d733b771db9e7bf34718d33478baf569fc893867cbb395fb6d7ed3d6fe0f2ef9e9fedcbc446f52c19b2d48ae4cb7267d0308866687d152c44eca4a9c53841ce49b5c6559a853824b7ca527974293dc9997a4356274e9ba8aac6a6cc769c6116dae8df93eb4b710caac9592949252534936ad35ba4ba5738ad8cab2f3aa54935bb6aa4e56ef65277bed2bc42f55d1ad476b6d5f654dc2cf695e2a567de46b2ecaacb76d4bda6596237ed601e0252f41e0026f533f9860fe7a1ef3e963e68d4cfe6183f9e87bcfa5cc337a47b000620720e17b09b18ec356e4ad4dc1be7945bfc364ebe73ce1a7097c1d1ae96787aa9fd196ff00ba4c2d4b72da27e39bc11914916608caa489e47ad3765504485046151467d0452f45eb663e3a39322b43d5d8c5439a6a707dcdaf18a273170c8d7abf915213f9138cbb134d9c77afa6f496cf89c4249b2f6a7601e2311c74d5e95069ae6955df15d9bfb8d571189a93a8a8c16d4e52e2e315bdcaf64bbcec1abda2e386c3c292cda5794be54de72977f82479d35eeb7179630e2d479b7fc6748b1365ea92316a488cb6d7678912a64cb726792914391c53132a5aeaae730e1070bb18b94964aac633e8bdb67df06fb4e9b734be12f0d7a746afc994a9bed5b4beecbbcf43f8b9e9f111fbecc2d7df673d932db655265a933ea9110a64ca19eb296c8594b652cf594c98487973c3c03db8b9e0027352dff9860fe7a1ef3e983e65d4bfe6183f9e87de47d34619bd2000188101af782e3b4762a1bdf16e6be8795ee4c9f2dd7a4a71941ee9a717d4d5981f3b68e96d5383e8b3eb593f71234918383a2e9cebd1793a356516bb6ff9923491db4aee36edadf7586551467d130e92332894bd1a56eaeb4722074951de6c725911b8ca373cfcb46f5cba67f079a114f13571735750d98d25fee4e9a9549766d597acce9529646b1a9f869d1c3a535b2e4dc94795279e7d3bbb89c9553cebc7f671f139ba97dcfa7b5666349e47956a9893a873da9b9eee5be4885f94a39f8053874b30dcc29135c7af4e4be5654ea276b2b5885d70c3f1982acb9609545d0a2ef2fb3b4496d1e55829c65096719a709753567ef34ad66b78b7c65d5efb710932db3a1e82e0dbf6aa11aeb13183939c270745c9c6709ca1257db5cb17c867fc103f4b8fd44bf50fa4ea57ebb76e532650d9d63e079fa5c7ea25fa879f03bfddc7ea25fa83a95fa6dc9a4ca1b3adbe06ff00bb5f512fd43c7c0d7f76bea1fea0ea57ea76e477075af818feed7d44bf507c0c3f4c8ffc797ea0ea57e9b7250759f8187e991ff8f2fd41f030fd323ff1e5fa83a95fa6da06a53ff30c1fcf53fbc8fa6ce61a1f8257431146bfed717c4ce3536561dadad969daeea657ddca74f32c9689f00003200001c375b70bc4e97c5c372aca35d7336ecddbda7dc5ba489ee1730db18dc0d7e4ab1950974be4fbc883a277f0fdeabd6dd995491994518b48cca65ef53aba5eb19381c3a5252966d79ab9174f596208cca2ce5c98b70c72715a84c52ac5de348fa73b2bbc973bdc636234e612194ebd14f9b8c8b9772cce39e1e36e49cf33e12552a18d3990588d6ec22bb8bab56d7bec529a5974cec887c46bcc7e25193e9a9351f049fbccedc3c23fcb6f4dcf68f548e755f5db12fcd8d2a6ba23293ef6ede046e2359b172bdebcd5b7ec6cd3b7b2908e1a53f8f79f2eb2e76cde4b9dee30ebe9bc243ceaf4535bd2a9194bb95d9c7313a4b6adb73751be5949cdf8e658ab8a92bd93cb77332df8b1ee568e17ecbbe7073a4e955fdba9d2929c235d5683b38f935a09cb279ff12353bcdd0f98342e9bc4d1752546ace96d24a5c549c64d26dabb8bfc0dc346f09b8ea794a4b1115fd48a9bb7ad4ecd7d2378a6a35b754768d3b7839e68be15b0d3b2ad4a74dbf8d4a51ab1ed5935b9f39b668dd67c0d7b71588a6e4f7424f8b9fb32b3639653b4b8008480000000000000000000341e19f08e5808565e761eac67d49e5efd93418e90a1149ba905757b6d2be7d0762d74c171da3f174b7b74a525d71f2978c4f9de1a29712aaf19151b5e6a56828bdcd5df33cb3b1d382f6ac4e9599d3647ac7868fc694fd583fc6c5aa9ae105e65293f5e6a3ee4cd72a61766de479db9ce4f664b9e2d64cb4e7257f26114b2ca2b2eadade5af96fed1cb129f9eb7e25f990a705d1194df8bb781895b4f63a5e7569c2fbb67629776ca4c89db93ba94aeba136d6edf6de50e195a4dc9e566e49b496edf9be4eab2319b9c95f8c9af89727fbca8e6d67e5ca537e25b5894b75f69e566942fdacb2e9f936df6dde772e6b37dfde7b382cb7271c9ed6cdf2cd669f515dacae78c93c93bdb36a4dfe17459956934ececf962ed16bb6e5551e7b49dfa1e76eacacb77388c1ddda32717c925b36e9bb6d5c6e52b3293f265bd7336efd964bde1c52935bd4be524fc5dcbd0a12b38a4adbecddda7f44ad6172b4a57b6eba49a5d6f32796d2861a596cbbbe6dedf4dad62ba749cb75af1df9c5765f7b32bf6785f36e5c96777f97819b86c3c37259733ddddcc5e31c8c6a749bb6d2b5f352b6df65d366647013938e5395935e524d25d7369f77312984a696e4975248cb522f18a19cd9070d0f55a5794636f35ddc9af0bfda32a9e89b6fa9395f7ac92bf6dd92678cb452b044b2347e96c4e1eca856a94e2b7454e5282fa126e3e06c182e12f150cab53a75d73c6f4a7deaebc11a84fa33eaccb30c3ce72d9845ce5f262b6e5ecc6efc05a959f2bc4bace8ee12747d4b2a8ea61a5fee41ca17f5a17f1b1b46034950af1daa1569568f3d29c676ebb3c8e2982d46d2156cf899c13e5a8a3492eb536a5f659b3689e0b271929d5aea9c97f41ce535d53f26ddccc2d5a7a94edd3c16707438ba70a7b539ec45436aa49ce72b2b5e527bdb2f1924000000000001e4a29a69e69e4cd6a1a83a257196c2c3f7b7e32f3ab2dabf5c8d9801ceb48f0594b8c8d4c2569d28c61c5fecd55ed61e515b565966adb5ca9ee46a1a6f536b51bb9d29d24bfd487ef68f5bb79bdad751dd0f2c695c930acd7e3e66c6688a91bbd9dbe5528b94d2fa37bfe046ca92be4d5b97c9b765b33e90d27aa983ad76e9f1537f1e85a9cafced5b65beb4cd2b4ef06f51de54f6312bb28d7ef6f665dad7517dd2dfa3bc797258af0c95b99954e57de964ad9251565baea2926fa77937a5356aad296cb5284b9215e3c5cddbe4b794bad644356a3283b4e2e2fa56feae7348a5531312b796592cba33bf38057c5cb9add792f1274b3cbf5fe079632b03a3aad676a309d67b9aa14ea566bd84d789b2e8fe0eb4955ff0041d25c92af529d25ecc76a5e026d11e46a30599238581d0f47704b3c9d7c4538f3c68d2954ee9d476fb26cd81e0e747d34b6d56c435fd5aae2bd9a7b2bc0a756b0acc6dca2338c7ce6a3eb349f892784d158aabfc2c3d7a89ee6a94a307f4e768f89d9301a1b0943f81428d17cf4e9c2327d6d2bb33cace79f50af24393e0750b1f2b6d2a3878ffb955ce6be8c135f689cc1f06f4d5b8ec4549f451a70a51fb7b6fc51be029392d2b72c35fc1ea668ea7fe846a3e7af29d6cfd59b697622728508423b308c6115ba308a8c57622e03399994800000000000000000000000000000002ce2b0d4ea45c2a423520f7c671528beb4cd534cf07984ad192a52a98672be4bf7b4efcfb13dd6e4b348dc4131331e11a73cd1fc1361219d6af88acf963070a107d915b5f68d8f476a568ca16e2f0945b8ee9554ebcd7d2a8e4cd8009b4cfb4a984124924925b925648a8020000000000000000000000000000000000000000000000000000000000000000000000000000000000000000000000000000000000000000000000000000000000000000000000000000000000000000000000000000000000000000000000000000000000000000000007fffd9, 2684);

-- --------------------------------------------------------

--
-- Table structure for table `produit`
--

CREATE TABLE `produit` (
  `id` int(11) NOT NULL,
  `nom_p` varchar(20) NOT NULL,
  `prix_p` int(11) NOT NULL,
  `desc_p` text NOT NULL,
  `categ_p` int(11) DEFAULT NULL,
  `discount` int(11) DEFAULT NULL,
  `stock` int(11) NOT NULL
) ENGINE=InnoDB DEFAULT CHARSET=utf8mb4;

--
-- Dumping data for table `produit`
--

INSERT INTO `produit` (`id`, `nom_p`, `prix_p`, `desc_p`, `categ_p`, `discount`, `stock`) VALUES
(1, 'hp', 1800, '-Processor : Intel Core i7-8565U(Quad-Core 1.8 GHz / 4.6 GHz Turbo - 8 MB cache)\r\n-Memory : 8 GB DDR4-2400 (2 x 4 GB)\r\n-anti-glare : \"15.6\" SVA display with Full HD \r\n-resolution (1920 x 1080)\r\n-HDMI output for connecting to a TV.', 1, 3, 15),
(2, 'dell', 2200, 'bbbbbbbbbbbbbbbb', 1, 1, 1),
(3, 'lenovo', 2500, 'ccccccccccccccccccc', 1, 2, 2),
(5, 'aa', 1500, 'aaaaaaaaaaaaaaa', 1, 4, 0),
(6, 'ezeze', 1500, 'ezezezezeazezaezaeezaz', 1, 5, 0),
(8, 'aaaaa', 1000, 'aaaaaaaaaaaaaaaa', 1, NULL, 44),
(15, 'pc', 2600, 'ezaezeaeaeaezeaez\r\n                    \r\n                    ', 1, NULL, 0),
(2684, 'asus', 1400, 'erererezrzrzeezrzgfgdf', 1, NULL, 0);

-- --------------------------------------------------------

--
-- Table structure for table `review`
--

CREATE TABLE `review` (
  `prodId` int(11) NOT NULL,
  `clientEmail` varchar(50) NOT NULL,
  `rev` int(11) NOT NULL
) ENGINE=InnoDB DEFAULT CHARSET=utf8mb4;

--
-- Dumping data for table `review`
--

INSERT INTO `review` (`prodId`, `clientEmail`, `rev`) VALUES
(1, 'mohamedsalah@gmail.com', 5),
(1, 'moumniseifeddine98@gmail.com', 2),
(2, 'moumniseifeddine98@gmail.com', 2),
(3, 'jomli@gmail.com', 5),
(3, 'moumniseifeddine98@gmail.com', 2),
(5, 'moumniseifeddine98@gmail.com', 4),
(6, 'moumniseifeddine98@gmail.com', 4),
(8, 'moumniseifeddine98@gmail.com', 1),
(15, 'moumniseifeddine98@gmail.com', 4);

-- --------------------------------------------------------

--
-- Table structure for table `shoppingcart`
--

CREATE TABLE `shoppingcart` (
  `email` varchar(50) NOT NULL,
  `prodId` int(11) NOT NULL,
  `list` enum('wish','cart') NOT NULL
) ENGINE=InnoDB DEFAULT CHARSET=utf8mb4;

--
-- Dumping data for table `shoppingcart`
--

INSERT INTO `shoppingcart` (`email`, `prodId`, `list`) VALUES
('jomli@gmail.com', 1, 'cart'),
('jomli@gmail.com', 2, 'wish'),
('jomli@gmail.com', 2, 'cart'),
('moumniseifeddine98@gmail.com', 1, 'cart'),
('moumniseifeddine98@gmail.com', 2, 'wish'),
('moumniseifeddine98@gmail.com', 3, 'wish'),
('salah@gmail.com', 1, 'cart'),
('salah@gmail.com', 2, 'cart');

--
-- Indexes for dumped tables
--

--
-- Indexes for table `categorie`
--
ALTER TABLE `categorie`
  ADD PRIMARY KEY (`id`);

--
-- Indexes for table `client`
--
ALTER TABLE `client`
  ADD PRIMARY KEY (`email`);

--
-- Indexes for table `commande_items`
--
ALTER TABLE `commande_items`
  ADD PRIMARY KEY (`command_id`,`produit_id`) USING BTREE,
  ADD KEY `command_id` (`command_id`),
  ADD KEY `produit_id` (`produit_id`);

--
-- Indexes for table `commands`
--
ALTER TABLE `commands`
  ADD PRIMARY KEY (`id`),
  ADD KEY `clientEmail` (`clientEmail`,`delivryEmail`),
  ADD KEY `delivryEmail` (`delivryEmail`);

--
-- Indexes for table `contact`
--
ALTER TABLE `contact`
  ADD PRIMARY KEY (`id`),
  ADD KEY `email` (`email`);

--
-- Indexes for table `discount`
--
ALTER TABLE `discount`
  ADD PRIMARY KEY (`Id`);

--
-- Indexes for table `picture`
--
ALTER TABLE `picture`
  ADD PRIMARY KEY (`id`),
  ADD KEY `prodId` (`prodId`);

--
-- Indexes for table `produit`
--
ALTER TABLE `produit`
  ADD PRIMARY KEY (`id`),
  ADD KEY `gateg_p` (`categ_p`),
  ADD KEY `discount` (`discount`);

--
-- Indexes for table `review`
--
ALTER TABLE `review`
  ADD PRIMARY KEY (`prodId`,`clientEmail`),
  ADD KEY `prodId` (`prodId`,`clientEmail`),
  ADD KEY `clientEmail` (`clientEmail`);

--
-- Indexes for table `shoppingcart`
--
ALTER TABLE `shoppingcart`
  ADD PRIMARY KEY (`email`,`prodId`,`list`) USING BTREE,
  ADD KEY `prodId` (`prodId`),
  ADD KEY `email` (`email`) USING BTREE;

--
-- AUTO_INCREMENT for dumped tables
--

--
-- AUTO_INCREMENT for table `contact`
--
ALTER TABLE `contact`
  MODIFY `id` int(11) NOT NULL AUTO_INCREMENT, AUTO_INCREMENT=7;

--
-- AUTO_INCREMENT for table `discount`
--
ALTER TABLE `discount`
  MODIFY `Id` int(11) NOT NULL AUTO_INCREMENT, AUTO_INCREMENT=6;

--
-- AUTO_INCREMENT for table `picture`
--
ALTER TABLE `picture`
  MODIFY `id` int(11) NOT NULL AUTO_INCREMENT, AUTO_INCREMENT=11;

--
-- Constraints for dumped tables
--

--
-- Constraints for table `commande_items`
--
ALTER TABLE `commande_items`
  ADD CONSTRAINT `commande_items_ibfk_2` FOREIGN KEY (`command_id`) REFERENCES `commands` (`id`) ON DELETE CASCADE ON UPDATE NO ACTION;

--
-- Constraints for table `commands`
--
ALTER TABLE `commands`
  ADD CONSTRAINT `commands_ibfk_2` FOREIGN KEY (`delivryEmail`) REFERENCES `client` (`email`) ON DELETE SET NULL ON UPDATE CASCADE,
  ADD CONSTRAINT `commands_ibfk_3` FOREIGN KEY (`clientEmail`) REFERENCES `client` (`email`) ON DELETE NO ACTION ON UPDATE CASCADE;

--
-- Constraints for table `contact`
--
ALTER TABLE `contact`
  ADD CONSTRAINT `contact_ibfk_1` FOREIGN KEY (`email`) REFERENCES `client` (`email`) ON DELETE CASCADE ON UPDATE CASCADE;

--
-- Constraints for table `picture`
--
ALTER TABLE `picture`
  ADD CONSTRAINT `picture_ibfk_1` FOREIGN KEY (`prodId`) REFERENCES `produit` (`id`) ON DELETE CASCADE ON UPDATE CASCADE;

--
-- Constraints for table `produit`
--
ALTER TABLE `produit`
  ADD CONSTRAINT `produit_ibfk_2` FOREIGN KEY (`categ_p`) REFERENCES `categorie` (`id`) ON DELETE SET NULL ON UPDATE CASCADE,
  ADD CONSTRAINT `produit_ibfk_3` FOREIGN KEY (`discount`) REFERENCES `discount` (`Id`) ON DELETE SET NULL ON UPDATE CASCADE;

--
-- Constraints for table `review`
--
ALTER TABLE `review`
  ADD CONSTRAINT `review_ibfk_1` FOREIGN KEY (`clientEmail`) REFERENCES `client` (`email`) ON DELETE CASCADE ON UPDATE CASCADE,
  ADD CONSTRAINT `review_ibfk_2` FOREIGN KEY (`prodId`) REFERENCES `produit` (`id`) ON DELETE CASCADE ON UPDATE CASCADE;

--
-- Constraints for table `shoppingcart`
--
ALTER TABLE `shoppingcart`
  ADD CONSTRAINT `shoppingcart_ibfk_1` FOREIGN KEY (`email`) REFERENCES `client` (`email`) ON DELETE CASCADE,
  ADD CONSTRAINT `shoppingcart_ibfk_2` FOREIGN KEY (`prodId`) REFERENCES `produit` (`id`) ON DELETE CASCADE;
COMMIT;

/*!40101 SET CHARACTER_SET_CLIENT=@OLD_CHARACTER_SET_CLIENT */;
/*!40101 SET CHARACTER_SET_RESULTS=@OLD_CHARACTER_SET_RESULTS */;
/*!40101 SET COLLATION_CONNECTION=@OLD_COLLATION_CONNECTION */;
